BusinessEntityID,NationalIDNumber,LoginID,OrganizationNode,OrganizationLevel,JobTitle,BirthDate,MaritalStatus,Gender,HireDate,SalariedFlag,VacationHours,SickLeaveHours,CurrentFlag,rowguid,ModifiedDate
1,295847284,adventure-works\ken0,NA,NA,Chief Executive Officer,29-01-69,S,M,14-01-09,1,99,69,1,F01251E5-96A3-448D-981E-0F99D789110D,29-06-14 22:00
2,245797967,adventure-works\terri0,/1/,1,Vice President of Engineering,01-08-71,S,F,31-01-08,1,1,20,1,45E8F437-670D-4409-93CB-F9424A40D6EE,29-06-14 22:00
3,509647174,adventure-works\roberto0,/1/1/,2,Engineering Manager,12-11-74,M,M,11-11-07,1,2,21,1,9BBBFB2C-EFBB-4217-9AB7-F97689328841,29-06-14 22:00
4,112457891,adventure-works\rob0,/1/1/1/,3,Senior Tool Designer,23-12-74,S,M,05-12-07,0,48,80,1,59747955-87B8-443F-8ED4-F8AD3AFDF3A9,29-06-14 22:00
5,695256908,adventure-works\gail0,/1/1/2/,3,Design Engineer,27-09-52,M,F,06-01-08,1,5,22,1,EC84AE09-F9B8-4A15-B4A9-6CCBAB919B08,29-06-14 22:00
6,998320692,adventure-works\jossef0,/1/1/3/,3,Design Engineer,11-03-59,M,M,24-01-08,1,6,23,1,E39056F1-9CD5-478D-8945-14ACA7FBDCDD,29-06-14 22:00
7,134969118,adventure-works\dylan0,/1/1/4/,3,Research and Development Manager,24-02-87,M,M,08-02-09,1,61,50,1,4F46DECA-EF01-41FD-9829-0ADAB368E431,29-06-14 22:00
8,811994146,adventure-works\diane1,/1/1/4/1/,4,Research and Development Engineer,05-06-86,S,F,29-12-08,1,62,51,1,31112635-663B-4018-B4A2-A685C0BF48A4,29-06-14 22:00
9,658797903,adventure-works\gigi0,/1/1/4/2/,4,Research and Development Engineer,21-01-79,M,F,16-01-09,1,63,51,1,50B6CDC6-7570-47EF-9570-48A64B5F2ECF,29-06-14 22:00
10,879342154,adventure-works\michael6,/1/1/4/3/,4,Research and Development Manager,30-11-84,M,M,03-05-09,1,16,64,1,EAA43680-5571-40CB-AB1A-3BF68F04459E,29-06-14 22:00
11,974026903,adventure-works\ovidiu0,/1/1/5/,3,Senior Tool Designer,17-01-78,S,M,05-12-10,0,7,23,1,F68C7C19-FAC1-438C-9BB7-AC33FCC341C3,29-06-14 22:00
12,480168528,adventure-works\thierry0,/1/1/5/1/,4,Tool Designer,29-07-59,M,M,11-12-07,0,9,24,1,1D955171-E773-4FAD-8382-40FD898D5D4D,29-06-14 22:00
13,486228782,adventure-works\janice0,/1/1/5/2/,4,Tool Designer,28-05-89,M,F,23-12-10,0,8,24,1,954B91B6-5AA7-48C2-8685-6E11C6E5C49A,29-06-14 22:00
14,42487730,adventure-works\michael8,/1/1/6/,3,Senior Design Engineer,16-06-79,S,M,30-12-10,1,3,21,1,46286CA4-46DD-4DDB-9128-85B67E98D1A9,29-06-14 22:00
15,56920285,adventure-works\sharon0,/1/1/7/,3,Design Engineer,02-05-61,M,F,18-01-11,1,4,22,1,54F2FDC0-87C4-4065-A7A8-9AC8EA624235,29-06-14 22:00
16,24756624,adventure-works\david0,/2/,1,Marketing Manager,19-03-75,S,M,20-12-07,1,40,40,1,E87029AA-2CBA-4C03-B948-D83AF0313E28,29-06-14 22:00
17,253022876,adventure-works\kevin0,/2/1/,2,Marketing Assistant,03-05-87,S,M,26-01-07,0,42,41,1,1B480240-95C0-410F-A717-EB29943C8886,29-06-14 22:00
18,222969461,adventure-works\john5,/2/2/,2,Marketing Specialist,06-03-78,S,M,07-02-11,0,48,44,1,64730415-1F58-4E5B-8FA8-5E4DAEBA53B4,29-06-14 22:00
19,52541318,adventure-works\mary2,/2/3/,2,Marketing Assistant,29-01-78,S,F,14-02-11,0,43,41,1,1F6DA901-C7F7-48A8-8EEF-D81868D72B52,29-06-14 22:00
20,323403273,adventure-works\wanida0,/2/4/,2,Marketing Assistant,17-03-75,M,F,07-01-11,0,41,40,1,43CCA446-DA1C-454C-8530-873AD2923E1B,29-06-14 22:00
21,243322160,adventure-works\terry0,/2/5/,2,Marketing Specialist,04-02-86,M,M,02-03-09,0,44,42,1,AD0D7626-4506-45C4-898F-9D7A0E13AABD,29-06-14 22:00
22,95958330,adventure-works\sariya0,/2/6/,2,Marketing Specialist,21-05-87,S,M,12-12-08,0,45,42,1,AF21F1B7-0691-48AD-B325-B8F2D7B2268A,29-06-14 22:00
23,767955365,adventure-works\mary0,/2/7/,2,Marketing Specialist,13-09-62,M,F,12-01-09,0,46,43,1,90899830-127E-4876-85CA-7F6E03025281,29-06-14 22:00
24,72636981,adventure-works\jill0,/2/8/,2,Marketing Specialist,18-06-79,M,F,18-01-09,0,47,43,1,53575C58-FBA1-4C1A-B8FF-95E050B44393,29-06-14 22:00
25,519899904,adventure-works\james1,/3/,1,Vice President of Production,07-01-83,S,M,03-02-09,1,64,52,1,D7314F24-2AF1-429C-9BBB-4038F45F3E6C,29-06-14 22:00
26,277173473,adventure-works\peter0,/3/1/,2,Production Control Manager,03-11-82,M,M,01-12-08,1,43,41,1,69D5D162-E817-45E7-9DEC-5D9B8310E7B1,26-12-14 8:17
27,446466105,adventure-works\jo0,/3/1/1/,3,Production Supervisor - WC60,08-10-56,S,F,27-02-08,0,80,60,1,83FFAAC6-B895-481F-B897-14F965D4DA47,29-06-14 22:00
28,14417807,adventure-works\guy1,/3/1/1/1/,4,Production Technician - WC60,13-03-88,M,M,30-06-06,0,21,30,1,AAE1D04A-C237-4974-B4D5-935247737718,29-06-14 22:00
29,948320468,adventure-works\mark1,/3/1/1/2/,4,Production Technician - WC60,25-09-79,S,M,23-01-09,0,19,29,1,CDB2C6DF-93E5-4558-91C8-424D5E7C658B,29-06-14 22:00
30,410742000,adventure-works\britta0,/3/1/1/3/,4,Production Technician - WC60,28-09-89,M,F,29-01-09,0,14,27,1,FC12677F-42F8-4790-AD69-685088ED7E5F,29-06-14 22:00
31,750246141,adventure-works\margie0,/3/1/1/4/,4,Production Technician - WC60,20-05-86,M,F,04-01-09,0,18,29,1,352D6E2F-655B-49A2-9FEC-EFD7D8CD0D30,29-06-14 22:00
32,330211482,adventure-works\rebecca0,/3/1/1/5/,4,Production Technician - WC60,10-07-77,M,F,29-12-08,0,23,31,1,BDADEB5C-A596-4DA1-88BA-842C7A0CC10F,29-06-14 22:00
33,801758002,adventure-works\annik0,/3/1/1/6/,4,Production Technician - WC60,26-12-76,M,M,17-12-08,0,17,28,1,51FDE6AC-BD50-467C-90E5-10CA7310455C,29-06-14 22:00
34,754372876,adventure-works\suchitra0,/3/1/1/7/,4,Production Technician - WC60,10-06-87,M,F,16-02-09,0,15,27,1,6ADBD932-0DA5-4F5C-AF67-8E3A53630896,29-06-14 22:00
35,999440576,adventure-works\brandon0,/3/1/1/8/,4,Production Technician - WC60,10-01-77,M,M,08-02-09,0,22,31,1,CA5D1935-44E2-4C45-93BB-809E59F56796,29-06-14 22:00
36,788456780,adventure-works\jose0,/3/1/1/9/,4,Production Technician - WC60,31-07-84,M,M,10-02-09,0,20,30,1,9E912556-88BA-41EE-B946-CB84AB4C1102,29-06-14 22:00
37,442121106,adventure-works\chris2,/3/1/1/10/,4,Production Technician - WC60,07-08-86,S,M,07-03-09,0,16,28,1,77B384C7-AFFB-4816-992B-F5B3034EE4FF,29-06-14 22:00
38,6298838,adventure-works\kim1,/3/1/1/11/,4,Production Technician - WC60,14-12-66,M,F,16-01-10,0,24,32,1,891C27F4-28CC-44BB-BEA3-DA5EA7FBE957,29-06-14 22:00
39,461786517,adventure-works\ed0,/3/1/1/12/,4,Production Technician - WC60,11-09-71,S,M,05-02-10,0,25,32,1,8EF22FB3-AF37-4B44-8862-D60A7CB09D82,29-06-14 22:00
40,309738752,adventure-works\jolynn0,/3/1/2/,3,Production Supervisor - WC60,16-01-56,S,F,26-12-07,0,82,61,1,2CC71B96-F421-485E-9832-8723337749BB,29-06-14 22:00
41,458159238,adventure-works\bryan0,/3/1/2/1/,4,Production Technician - WC60,27-08-73,S,M,21-01-09,0,35,37,1,4652D4E4-6A27-47ED-9F51-C377E293DA28,29-06-14 22:00
42,339712426,adventure-works\james0,/3/1/2/2/,4,Production Technician - WC60,25-07-84,M,M,27-12-08,0,39,39,1,82E52D5A-165B-4C6D-9773-C3A6B6332ECD,29-06-14 22:00
43,693325305,adventure-works\nancy0,/3/1/2/3/,4,Production Technician - WC60,19-11-88,M,F,02-01-09,0,34,37,1,6B7EB306-9A00-496A-98A9-4E94FE72F77C,29-06-14 22:00
44,276751903,adventure-works\simon0,/3/1/2/4/,4,Production Technician - WC60,17-05-90,S,M,08-12-08,0,38,39,1,F734D38A-56B5-471E-8DED-A682E958A9B3,29-06-14 22:00
45,500412746,adventure-works\thomas0,/3/1/2/5/,4,Production Technician - WC60,10-01-86,M,M,26-02-09,0,37,38,1,8FF3AF67-32F2-4A08-98C3-A40F842D41A3,29-06-14 22:00
46,66073987,adventure-works\eugene1,/3/1/2/6/,4,Production Technician - WC60,10-02-76,S,M,08-02-09,0,36,38,1,33543B35-77DA-4600-A41B-1EAFEA0AD643,29-06-14 22:00
47,33237992,adventure-works\andrew0,/3/1/3/,3,Production Supervisor - WC10,06-09-88,S,M,22-02-09,0,65,52,1,08365B05-C143-4260-A93C-6B69418B1946,29-06-14 22:00
48,690627818,adventure-works\ruth0,/3/1/3/1/,4,Production Technician - WC10,04-06-56,M,F,06-01-08,0,83,61,1,3E3B6905-209E-442E-B8A8-9A0980241C6A,29-06-14 22:00
49,912265825,adventure-works\barry0,/3/1/3/2/,4,Production Technician - WC10,26-03-56,S,M,07-01-08,0,88,64,1,756A60AE-378F-43D8-9F93-1E821D1EAF52,29-06-14 22:00
50,844973625,adventure-works\sidney0,/3/1/3/3/,4,Production Technician - WC10,30-08-56,M,M,02-02-08,0,84,62,1,40D603D9-7F99-48B7-A580-B17CF429BED2,29-06-14 22:00
51,132674823,adventure-works\jeffrey0,/3/1/3/4/,4,Production Technician - WC10,11-07-56,S,M,20-02-08,0,85,62,1,6E086F41-B81D-4BDC-9F13-0EEC488DC43E,29-06-14 22:00
52,565090917,adventure-works\doris0,/3/1/3/5/,4,Production Technician - WC10,04-04-56,M,F,10-03-08,0,86,63,1,692B8826-03B4-4C3B-82FC-1FC6F1409689,29-06-14 22:00
53,9659517,adventure-works\diane0,/3/1/3/6/,4,Production Technician - WC10,29-03-56,M,F,28-03-08,0,87,63,1,C334B2D2-0C56-4906-9095-F1D07A98CBEC,29-06-14 22:00
54,109272464,adventure-works\bonnie0,/3/1/3/7/,4,Production Technician - WC10,10-09-86,M,F,01-01-10,0,89,64,1,E950A52A-DF61-4FEC-9063-545664D65B89,29-06-14 22:00
55,233069302,adventure-works\taylor0,/3/1/4/,3,Production Supervisor - WC50,01-04-56,M,M,08-02-08,0,79,59,1,28F7EF89-2793-4989-B67D-25046543C1E3,29-06-14 22:00
56,652535724,adventure-works\denise0,/3/1/4/1/,4,Production Technician - WC50,06-07-88,M,F,05-02-09,0,9,24,1,77878C43-F16E-437D-892F-3CFCC0715A0A,29-06-14 22:00
57,10708100,adventure-works\frank1,/3/1/4/2/,4,Production Technician - WC50,24-07-71,S,M,23-02-09,0,10,25,1,B395CD84-77BA-4D3C-A49D-D9E8D6CF100B,29-06-14 22:00
58,571658797,adventure-works\kendall0,/3/1/4/3/,4,Production Technician - WC50,30-05-86,M,M,05-12-08,0,11,25,1,65207627-5521-4A8E-AD3C-B2F1B5226B85,29-06-14 22:00
59,843479922,adventure-works\bob0,/3/1/4/4/,4,Production Technician - WC50,16-08-79,S,M,24-12-08,0,12,26,1,68616AEA-81E5-4940-A7E4-6FBA882BCCF6,29-06-14 22:00
60,827686041,adventure-works\pete0,/3/1/4/5/,4,Production Technician - WC50,03-02-77,S,M,11-01-09,0,13,26,1,1F1D813D-3EDC-4274-8E9B-4519D71685B6,29-06-14 22:00
61,92096924,adventure-works\diane2,/3/1/4/6/,4,Production Technician - WC50,09-08-89,S,F,18-01-09,0,8,24,1,721A2921-C415-46DE-9111-13F25F428B8B,29-06-14 22:00
62,494170342,adventure-works\john0,/3/1/5/,3,Production Supervisor - WC60,07-08-56,M,M,17-03-08,0,81,60,1,D4ED1F78-7C28-479B-BFEF-A73228BA2AAA,29-06-14 22:00
63,414476027,adventure-works\maciej0,/3/1/5/1/,4,Production Technician - WC60,30-01-55,S,M,29-01-10,0,30,35,1,3229D93F-6A14-4BAC-ABC5-A91B9ECFB4D3,29-06-14 22:00
64,582347317,adventure-works\michael7,/3/1/5/2/,4,Production Technician - WC60,05-09-73,S,M,23-02-10,0,26,33,1,492B24BD-BDE9-4371-B96E-CCD72264B91F,29-06-14 22:00
65,8066363,adventure-works\randy0,/3/1/5/3/,4,Production Technician - WC60,28-04-70,M,M,23-02-10,0,29,34,1,9A08108D-E039-4862-8F93-55F18017AD72,29-06-14 22:00
66,834186596,adventure-works\karan0,/3/1/5/4/,4,Production Technician - WC60,07-03-70,S,M,22-12-09,0,28,34,1,08B1BA74-DD80-4FDA-8327-93268B84977B,29-06-14 22:00
67,63179277,adventure-works\jay0,/3/1/5/5/,4,Production Technician - WC60,11-02-76,S,M,05-03-09,0,32,36,1,18187809-5294-474F-85A1-D5BE6BD518D6,29-06-14 22:00
68,537092325,adventure-works\charles0,/3/1/5/6/,4,Production Technician - WC60,02-09-71,S,M,03-12-09,0,27,33,1,CDC11292-DF74-4FB0-8676-5B2AA4687142,29-06-14 22:00
69,752513276,adventure-works\steve0,/3/1/5/7/,4,Production Technician - WC60,06-04-91,S,M,15-02-09,0,31,35,1,12F678D7-EAD3-4CF4-8518-A19AACF2A6D4,29-06-14 22:00
70,36151748,adventure-works\david2,/3/1/5/8/,4,Production Technician - WC60,29-12-84,M,M,15-12-08,0,33,36,1,FC617BB8-D2A3-4374-873C-8EF38D80127D,29-06-14 22:00
71,578935259,adventure-works\michael3,/3/1/6/,3,Production Supervisor - WC30,29-01-89,S,M,15-02-09,0,70,55,1,1AD772D7-7B4A-4A7B-8676-49DD7608CB94,29-06-14 22:00
72,443968955,adventure-works\steven0,/3/1/6/1/,4,Production Technician - WC30,14-05-77,M,M,01-12-08,0,41,40,1,0A8937C9-68AA-4D48-BA4E-B40493D764AA,29-06-14 22:00
73,138280935,adventure-works\carole0,/3/1/6/2/,4,Production Technician - WC30,19-10-83,M,F,19-12-08,0,42,41,1,C76A41F1-A390-4AE4-A82A-2A87764C6391,29-06-14 22:00
74,420023788,adventure-works\bjorn0,/3/1/6/3/,4,Production Technician - WC30,06-11-89,S,M,07-01-09,0,43,41,1,A942E1E0-2D5E-4858-97C0-947020E96860,29-06-14 22:00
75,363996959,adventure-works\michiko0,/3/1/6/4/,4,Production Technician - WC30,27-06-82,S,M,26-01-09,0,44,42,1,F359F5B6-5E18-4C62-8531-14D951911CE5,29-06-14 22:00
76,227319668,adventure-works\carol0,/3/1/6/5/,4,Production Technician - WC30,17-10-88,M,F,12-02-09,0,45,42,1,8D0182A3-5B59-4EEA-9B3C-C7F05DA9A2CE,29-06-14 22:00
77,301435199,adventure-works\merav0,/3/1/6/6/,4,Production Technician - WC30,13-05-83,M,F,03-03-09,0,46,43,1,2EE7914A-62D3-473B-A0E1-E4E55341EC4E,29-06-14 22:00
78,370989364,adventure-works\reuben0,/3/1/7/,3,Production Supervisor - WC40,27-08-87,M,M,15-12-08,0,72,56,1,71EEE2A6-B9B3-4BF4-8949-01239DF7C901,29-06-14 22:00
79,697712387,adventure-works\eric1,/3/1/7/1/,4,Production Technician - WC40,08-12-66,M,M,24-01-10,0,60,50,1,55F62E38-9457-46C8-A824-E46A3117A935,29-06-14 22:00
80,943170460,adventure-works\sandeep0,/3/1/7/2/,4,Production Technician - WC40,03-12-70,S,M,17-01-10,0,65,52,1,606C21E2-3EC0-48A6-A9FE-6BC8123AC786,29-06-14 22:00
81,413787783,adventure-works\mihail0,/3/1/7/3/,4,Production Technician - WC40,09-03-71,S,M,29-12-09,0,64,52,1,03A9BA14-0D5B-4671-B851-2C1721EFBF01,29-06-14 22:00
82,58791499,adventure-works\jack1,/3/1/7/4/,4,Production Technician - WC40,29-08-73,S,M,03-03-10,0,62,51,1,D308D387-F7F3-4B5F-ABDA-FAF5574245CD,29-06-14 22:00
83,988315686,adventure-works\patrick1,/3/1/7/5/,4,Production Technician - WC40,23-12-73,M,M,12-02-10,0,61,50,1,296C52AE-169F-4292-975D-C508476DCECF,29-06-14 22:00
84,947029962,adventure-works\frank3,/3/1/7/6/,4,Production Technician - WC40,02-03-52,M,M,05-02-10,0,66,53,1,9AF24ACC-EA3E-4EFE-B5E3-4762C496D57C,29-06-14 22:00
85,1662732,adventure-works\brian2,/3/1/7/7/,4,Production Technician - WC40,23-12-70,S,M,11-12-09,0,63,51,1,C294F676-CAAF-4924-9730-BC81AE408BE1,29-06-14 22:00
86,769680433,adventure-works\ryan0,/3/1/7/8/,4,Production Technician - WC40,13-06-72,M,M,05-01-09,0,59,49,1,10E5BD6F-2B9C-4192-A94D-6A2D50EA1ADB,29-06-14 22:00
87,7201901,adventure-works\cristian0,/3/1/8/,3,Production Supervisor - WC10,11-04-84,M,M,22-12-08,0,67,53,1,5BE16416-8570-417D-9E54-047DB468B5E9,29-06-14 22:00
88,294148271,adventure-works\betsy0,/3/1/8/1/,4,Production Technician - WC10,17-12-66,S,F,18-12-09,0,99,69,1,EBCDBA1C-6C1D-4D36-90F7-1893755C85E3,29-06-14 22:00
89,90888098,adventure-works\patrick0,/3/1/8/2/,4,Production Technician - WC10,10-09-86,S,M,01-02-10,0,96,68,1,D5FBE9E6-B8C5-484C-B4B8-48059E0EF267,29-06-14 22:00
90,82638150,adventure-works\danielle0,/3/1/8/3/,4,Production Technician - WC10,07-09-86,S,F,20-02-10,0,97,68,1,BB886159-1400-4264-B7C9-A3769BEB1274,29-06-14 22:00
91,390124815,adventure-works\kimberly0,/3/1/8/4/,4,Production Technician - WC10,13-09-86,S,F,12-01-10,0,95,67,1,CE256B6C-1EEE-43ED-9969-7CAC480FF4D7,29-06-14 22:00
92,826454897,adventure-works\tom0,/3/1/8/5/,4,Production Technician - WC10,01-10-86,M,M,10-03-10,0,98,69,1,B3BF7FC5-2014-48CE-B7BB-76124FA8446C,29-06-14 22:00
93,778552911,adventure-works\kok-ho0,/3/1/9/,3,Production Supervisor - WC50,28-04-80,S,M,27-12-08,0,78,59,1,57FB2C0F-B105-49F0-967A-88F3D743CB3F,29-06-14 22:00
94,718299860,adventure-works\russell0,/3/1/9/1/,4,Production Technician - WC50,25-11-72,M,M,12-12-08,0,6,23,1,6B10192F-D570-47C4-82C9-3D979B1EFDC1,29-06-14 22:00
95,674171828,adventure-works\jim0,/3/1/9/2/,4,Production Technician - WC50,08-09-86,M,M,19-12-08,0,1,20,1,6175876E-8FCC-4917-BE06-FC358515E6DF,29-06-14 22:00
96,912141525,adventure-works\elizabeth0,/3/1/9/3/,4,Production Technician - WC50,25-01-90,M,F,02-03-09,0,5,22,1,62A9F73F-6443-4F2F-B864-18186614BFB6,29-06-14 22:00
97,370581729,adventure-works\mandar0,/3/1/9/4/,4,Production Technician - WC50,21-03-86,S,M,10-02-09,0,0,20,1,1F0E068A-48C5-40BF-8190-565150EFDADD,29-06-14 22:00
98,152085091,adventure-works\sameer0,/3/1/9/5/,4,Production Technician - WC50,26-06-78,M,M,11-02-09,0,4,22,1,A703169F-1563-488E-914D-D784FD07F29A,29-06-14 22:00
99,431859843,adventure-works\nuan0,/3/1/9/6/,4,Production Technician - WC50,29-03-79,S,M,06-01-09,0,2,21,1,A6089357-2F2F-48CC-AB3C-D9B75A3C09D7,29-06-14 22:00
100,204035155,adventure-works\lolan0,/3/1/9/7/,4,Production Technician - WC50,24-01-73,M,M,12-01-09,0,7,23,1,9B9B768D-7CC1-4DCE-87CB-765AB73A6AFF,29-06-14 22:00
101,153288994,adventure-works\houman0,/3/1/9/8/,4,Production Technician - WC50,30-08-71,M,M,25-01-09,0,3,21,1,9CE8B2E8-9944-4BA5-97DE-441D8314F161,29-06-14 22:00
102,360868122,adventure-works\zheng0,/3/1/10/,3,Production Supervisor - WC10,26-10-83,S,M,03-12-08,0,66,53,1,C75F2740-ACE3-4EBF-91C5-7AB352E1095F,29-06-14 22:00
103,455563743,adventure-works\ebru0,/3/1/10/1/,4,Production Technician - WC10,22-09-86,S,M,06-12-09,0,93,66,1,6C25A32B-88B5-4F84-A129-F7F688DFA588,29-06-14 22:00
104,717889520,adventure-works\mary1,/3/1/10/2/,4,Production Technician - WC10,19-09-86,M,F,25-12-09,0,94,67,1,6DC9F7D0-5664-4E4A-90F5-7AB85EBB02E6,29-06-14 22:00
105,801365500,adventure-works\kevin2,/3/1/10/3/,4,Production Technician - WC10,19-09-86,S,M,25-12-09,0,90,65,1,8B21E53D-E705-479A-B32E-6E63AC2F4BCD,29-06-14 22:00
106,561196580,adventure-works\john4,/3/1/10/4/,4,Production Technician - WC10,28-09-86,S,M,27-02-10,0,92,66,1,D4CF23D9-21B6-45E4-827C-22890DF0373B,29-06-14 22:00
107,393421437,adventure-works\christopher0,/3/1/10/5/,4,Production Technician - WC10,01-10-86,M,M,08-02-10,0,91,65,1,F71C6055-557B-4660-86FF-8C0FA14B24E6,29-06-14 22:00
108,630184120,adventure-works\jinghao0,/3/1/11/,3,Production Supervisor - WC50,05-02-89,S,M,08-12-08,0,77,58,1,2BCA07D3-F2AC-4406-904F-E09156F3EB3E,29-06-14 22:00
109,113695504,adventure-works\alice0,/3/1/11/1/,4,Production Technician - WC50,26-01-78,M,F,07-12-08,0,95,67,1,7E632B21-0D11-4BBA-8A68-8CAE14C20AE6,29-06-14 22:00
110,857651804,adventure-works\jun0,/3/1/11/2/,4,Production Technician - WC50,06-07-79,S,M,14-12-08,0,90,65,1,9C5F84D1-FB96-4D82-92A1-F932903DEAAD,29-06-14 22:00
111,415823523,adventure-works\suroor0,/3/1/11/3/,4,Production Technician - WC50,25-02-78,S,M,17-12-08,0,93,66,1,14010B0E-C101-4E41-B788-21923399E512,29-06-14 22:00
112,981597097,adventure-works\john1,/3/1/11/4/,4,Production Technician - WC50,31-05-78,S,M,01-01-09,0,91,65,1,B6998410-EE0F-4307-9E6E-FE348F11012D,29-06-14 22:00
113,54759846,adventure-works\linda0,/3/1/11/5/,4,Production Technician - WC50,17-07-87,M,F,25-12-08,0,96,68,1,FB84759C-B687-43B2-8727-125EFE0F5E13,29-06-14 22:00
114,342607223,adventure-works\mindaugas0,/3/1/11/6/,4,Production Technician - WC50,07-05-78,M,M,13-01-09,0,97,68,1,1D784088-DACB-4185-9F60-3D2DB4925BA5,29-06-14 22:00
115,563680513,adventure-works\angela0,/3/1/11/7/,4,Production Technician - WC50,31-05-91,S,F,20-01-09,0,92,66,1,4958E1C3-C872-4222-954E-09D2060EA7EF,29-06-14 22:00
116,398737566,adventure-works\michael2,/3/1/11/8/,4,Production Technician - WC50,03-05-74,S,M,31-01-09,0,98,69,1,C6EB2566-CF28-4602-9A25-5B91C8728838,29-06-14 22:00
117,599942664,adventure-works\chad0,/3/1/11/9/,4,Production Technician - WC50,04-08-90,M,M,18-02-09,0,99,69,1,83A32D4C-4725-478F-9997-91739BB957BA,29-06-14 22:00
118,222400012,adventure-works\don0,/3/1/11/10/,4,Production Technician - WC50,13-06-71,M,M,13-02-09,0,88,64,1,E720053D-922E-4C91-B81A-A1CA4EF8BB0E,29-06-14 22:00
119,334834274,adventure-works\michael4,/3/1/11/11/,4,Production Technician - WC50,15-06-89,S,M,25-02-09,0,94,67,1,EB27C026-9470-4450-8D5E-1F38A41793B5,29-06-14 22:00
120,211789056,adventure-works\kitti0,/3/1/11/12/,4,Production Technician - WC50,06-06-87,S,F,04-03-09,0,89,64,1,49A05524-FA34-45B1-95BC-489901DC5B50,29-06-14 22:00
121,521265716,adventure-works\pilar0,/3/1/12/,3,Shipping and Receiving Supervisor,09-09-72,S,M,02-01-09,1,93,66,1,01BCCE22-D63A-4C3F-9BA8-D3D5A4C3BD52,29-06-14 22:00
122,586486572,adventure-works\susan0,/3/1/12/1/,4,Stocker,17-02-78,S,F,07-12-08,0,97,68,1,923ECFD6-E202-429A-9141-6CB183531439,29-06-14 22:00
123,337752649,adventure-works\vamsi0,/3/1/12/2/,4,Shipping and Receiving Clerk,18-03-77,M,M,07-12-08,0,95,67,1,A8838AB2-99DE-415C-8675-D82EBF1C4752,29-06-14 22:00
124,420776180,adventure-works\kim0,/3/1/12/3/,4,Stocker,30-04-84,S,F,26-12-08,0,98,69,1,6150F197-7923-40D4-84F2-936207D468AB,29-06-14 22:00
125,584205124,adventure-works\matthias0,/3/1/12/4/,4,Shipping and Receiving Clerk,11-11-73,M,M,20-01-09,0,94,67,1,54ED63DC-C62C-4CC7-89C2-015DF49C49A5,29-06-14 22:00
126,652779496,adventure-works\jimmy0,/3/1/12/5/,4,Stocker,04-05-85,M,M,26-02-09,0,96,68,1,96442787-9520-4955-A457-38AFDDB6FF13,29-06-14 22:00
127,750905084,adventure-works\david4,/3/1/13/,3,Production Supervisor - WC40,02-07-83,S,M,03-01-09,0,73,56,1,516538E8-115B-44F4-AA7B-E6C1D9F8ADFC,29-06-14 22:00
128,384162788,adventure-works\paul0,/3/1/13/1/,4,Production Technician - WC40,13-11-80,S,M,04-12-08,0,68,54,1,0217049E-1566-42B6-8027-41B751E2B00B,29-06-14 22:00
129,502058701,adventure-works\gary0,/3/1/13/2/,4,Production Technician - WC40,16-05-88,S,M,22-12-08,0,69,54,1,A03D6052-1F85-4EBE-AAC9-B67CFDCD91A6,29-06-14 22:00
130,578953538,adventure-works\rob1,/3/1/13/3/,4,Production Technician - WC40,04-08-73,S,M,13-02-09,0,71,55,1,54FDA597-6822-42B4-B128-63ECA03071F2,29-06-14 22:00
131,273260055,adventure-works\baris0,/3/1/13/4/,4,Production Technician - WC40,07-10-90,S,M,15-02-09,0,72,56,1,232D68BF-DF58-48F9-9235-53BD4B009B4B,29-06-14 22:00
132,1300049,adventure-works\nicole0,/3/1/13/5/,4,Production Technician - WC40,09-04-86,M,F,22-02-09,0,67,53,1,15671E3B-016F-41FD-840B-5A9F7D776D9A,29-06-14 22:00
133,830150469,adventure-works\michael1,/3/1/13/6/,4,Production Technician - WC40,04-01-91,S,M,10-01-09,0,70,55,1,416BF905-7D6C-4692-8FD6-40F6C4F9ECC4,29-06-14 22:00
134,45615666,adventure-works\eric0,/3/1/14/,3,Production Supervisor - WC20,19-01-85,M,M,14-01-09,0,40,40,1,2ABCF39B-88D7-49FA-820A-83D223322BA5,29-06-14 22:00
135,964089218,adventure-works\ivo0,/3/1/14/1/,4,Production Technician - WC20,03-01-82,M,M,04-12-08,0,9,24,1,D83A26F3-7EA7-477B-A5BB-7EAADFC13A09,29-06-14 22:00
136,701156975,adventure-works\sylvester0,/3/1/14/2/,4,Production Technician - WC20,12-11-70,M,M,11-12-09,0,4,22,1,D9C43D08-3882-4E5C-BDF0-F6BD7004CD04,29-06-14 22:00
137,63761469,adventure-works\anibal0,/3/1/14/3/,4,Production Technician - WC20,05-09-74,S,F,23-02-09,0,8,24,1,BC18A829-F0CE-4EAF-9785-2D84C86F925A,29-06-14 22:00
138,25011600,adventure-works\samantha0,/3/1/14/4/,4,Production Technician - WC20,22-11-87,M,F,04-02-09,0,7,23,1,1629EDDD-D0AE-4CB9-A59C-3A175F7027E5,29-06-14 22:00
139,113393530,adventure-works\hung-fu0,/3/1/14/5/,4,Production Technician - WC20,23-10-71,S,M,06-01-10,0,0,20,1,065D8D5F-9504-4FFE-98DC-E69677F19F15,29-06-14 22:00
140,339233463,adventure-works\prasanna0,/3/1/14/6/,4,Production Technician - WC20,30-04-53,M,M,22-01-10,0,5,22,1,72ED240A-0FD8-4423-8A49-9078BA6BCF6C,29-06-14 22:00
141,872923042,adventure-works\min0,/3/1/14/7/,4,Production Technician - WC20,10-09-74,M,M,24-01-10,0,1,20,1,CC75C35D-1566-43FA-B2E9-D1E508EFDCD1,29-06-14 22:00
142,163347032,adventure-works\olinda0,/3/1/14/8/,4,Production Technician - WC20,04-04-70,S,F,04-03-10,0,3,21,1,6456CEC3-9B1E-4EBC-9FD8-732B93363F65,29-06-14 22:00
143,56772045,adventure-works\krishna0,/3/1/14/9/,4,Production Technician - WC20,05-09-71,S,M,13-02-10,0,2,21,1,42A506A5-0AC0-4148-B702-BB7B804EF98C,29-06-14 22:00
144,886023130,adventure-works\paul1,/3/1/14/10/,4,Production Technician - WC20,04-11-90,M,M,17-01-09,0,6,23,1,DC5BA622-B860-41EE-AF92-5FEB4779B589,29-06-14 22:00
145,386315192,adventure-works\cynthia0,/3/1/15/,3,Production Supervisor - WC30,18-08-81,S,F,27-01-09,0,69,54,1,F9E1DC46-0D03-4A8A-B693-1A964BC13E6C,29-06-14 22:00
146,160739235,adventure-works\jianshuo0,/3/1/15/1/,4,Production Technician - WC30,25-06-89,S,M,07-12-08,0,36,38,1,6FFF136A-9664-4EB9-9243-FAC76E21B9DD,29-06-14 22:00
147,604664374,adventure-works\sandra0,/3/1/15/2/,4,Production Technician - WC30,05-11-75,M,F,26-12-08,0,37,38,1,F69F3FF9-E1E0-4419-A6BF-F705E1556160,29-06-14 22:00
148,733022683,adventure-works\jason0,/3/1/15/3/,4,Production Technician - WC30,07-12-88,S,M,14-01-09,0,38,39,1,C16C501D-942D-4EB0-B5C4-EF8119FBEBA2,29-06-14 22:00
149,764853868,adventure-works\andy0,/3/1/15/4/,4,Production Technician - WC30,20-10-83,M,M,31-01-09,0,39,39,1,615A6BFE-3046-4037-9764-238535F725BE,29-06-14 22:00
150,878395493,adventure-works\michael5,/3/1/15/5/,4,Production Technician - WC30,18-09-82,M,M,26-02-09,0,35,37,1,2B0876D4-8996-4E71-A613-BE2E98E7ACCF,29-06-14 22:00
151,993310268,adventure-works\rostislav0,/3/1/15/6/,4,Production Technician - WC30,13-09-77,M,M,19-02-09,0,40,40,1,00027A8C-C2F8-4A31-ABA8-8A203638B8F1,29-06-14 22:00
152,319472946,adventure-works\yuhong0,/3/1/16/,3,Production Supervisor - WC20,06-04-77,M,M,01-02-09,0,41,40,1,F1A684F4-02DB-4B22-8977-6D8D3A21100E,29-06-14 22:00
153,568596888,adventure-works\hanying0,/3/1/16/1/,4,Production Technician - WC20,16-10-74,S,M,16-12-08,0,15,27,1,618B71BC-6E8C-492D-8862-B9EFB7A4E06A,29-06-14 22:00
154,97728960,adventure-works\raymond0,/3/1/16/2/,4,Production Technician - WC20,02-03-67,M,M,23-12-08,0,10,25,1,9F01E1FB-B893-40CC-9F5C-AAF89F9B7AF5,29-06-14 22:00
155,212801092,adventure-works\fadi0,/3/1/16/3/,4,Production Technician - WC20,15-02-89,S,M,04-01-09,0,16,28,1,9923376F-26D0-4845-9D99-CC3D696CAEB8,29-06-14 22:00
156,322160340,adventure-works\lane0,/3/1/16/4/,4,Production Technician - WC20,23-09-74,M,M,11-01-09,0,11,25,1,042427B8-3883-4A87-A6A3-724EE1690F49,29-06-14 22:00
157,812797414,adventure-works\linda1,/3/1/16/5/,4,Production Technician - WC20,05-10-77,S,F,03-02-09,0,12,26,1,F963F913-449E-4EBB-BFDA-FC0C3010DB65,29-06-14 22:00
158,300946911,adventure-works\shelley0,/3/1/16/6/,4,Production Technician - WC20,08-12-86,S,F,07-03-09,0,14,27,1,13942056-2930-4490-83CE-AF2386D5A5E7,29-06-14 22:00
159,404159499,adventure-works\terrence0,/3/1/16/7/,4,Production Technician - WC20,08-12-84,S,M,16-02-09,0,13,26,1,4DA76442-5EEF-41FB-AE19-16C55714F9AD,29-06-14 22:00
160,712885347,adventure-works\jeff0,/3/1/17/,3,Production Supervisor - WC45,15-01-77,M,M,21-01-09,0,74,57,1,7C7D459E-1F49-427D-9BD5-DE31880C85DC,29-06-14 22:00
161,275962311,adventure-works\kirk0,/3/1/17/1/,4,Production Technician - WC45,06-02-85,S,M,15-12-08,0,74,57,1,08D25BAA-167B-499C-8B51-31DCC856A8CF,29-06-14 22:00
162,514829225,adventure-works\laura0,/3/1/17/2/,4,Production Technician - WC45,25-12-80,S,F,03-01-09,0,75,57,1,FCCD65BA-2702-4409-AE56-75AF1710AC78,29-06-14 22:00
163,377784364,adventure-works\alex0,/3/1/17/3/,4,Production Technician - WC45,13-04-90,M,M,08-02-09,0,77,58,1,B96BC9C2-5A25-4A9B-887A-C7C10E47B80C,29-06-14 22:00
164,65848458,adventure-works\andrew1,/3/1/17/4/,4,Production Technician - WC45,24-09-88,S,M,06-03-09,0,73,56,1,A2A2CF20-4E5C-45F7-A7BD-1B94F0C3A43A,29-06-14 22:00
165,539490372,adventure-works\chris0,/3/1/17/5/,4,Production Technician - WC45,16-12-88,M,M,22-01-09,0,76,58,1,300223F3-5587-4230-909B-D9C4AFD6D683,29-06-14 22:00
166,60114406,adventure-works\jack0,/3/1/18/,3,Production Supervisor - WC30,22-06-83,S,M,21-02-09,0,68,54,1,69A47230-70EE-48FD-AC15-C39F3712FF14,29-06-14 22:00
167,498138869,adventure-works\david1,/3/1/18/1/,4,Production Technician - WC30,02-11-79,S,M,02-12-08,0,25,32,1,ED7EE92E-A9D0-4E3A-8DEE-4B143E459F7E,29-06-14 22:00
168,271438431,adventure-works\garrett0,/3/1/18/2/,4,Production Technician - WC30,25-08-84,S,M,07-12-08,0,34,37,1,A6F5F72F-AA03-41B7-8B6E-B123BD360753,29-06-14 22:00
169,351069889,adventure-works\susan1,/3/1/18/3/,4,Production Technician - WC30,02-04-83,S,F,14-12-08,0,31,35,1,F73D75D5-B47B-46EE-AD11-7BF13DD6C55D,29-06-14 22:00
170,476115505,adventure-works\george0,/3/1/18/4/,4,Production Technician - WC30,16-04-77,M,M,21-12-08,0,26,33,1,01B119A2-2AF3-4775-818E-B421FECB07A7,29-06-14 22:00
171,746373306,adventure-works\david3,/3/1/18/5/,4,Production Technician - WC30,03-08-81,S,M,02-01-09,0,32,36,1,84C358D4-2493-452C-B7D6-B212C893A009,29-06-14 22:00
172,364818297,adventure-works\marc0,/3/1/18/6/,4,Production Technician - WC30,24-10-86,M,M,16-01-09,0,22,31,1,1F151ABC-DB4A-431A-8A5D-15F46C5B8FFC,29-06-14 22:00
173,87268837,adventure-works\eugene0,/3/1/18/7/,4,Production Technician - WC30,15-07-87,S,M,21-01-09,0,33,36,1,1BA1D374-18AE-48ED-938F-6F5D2EEC4D4D,29-06-14 22:00
174,585408256,adventure-works\benjamin0,/3/1/18/8/,4,Production Technician - WC30,05-01-86,S,M,27-01-09,0,28,34,1,F1A6F824-895B-4A0F-AF1B-05FBA703E69F,29-06-14 22:00
175,259388196,adventure-works\reed0,/3/1/18/9/,4,Production Technician - WC30,08-01-89,M,M,02-02-09,0,23,31,1,B3967C00-7014-4960-AF15-B1A6D3094F6F,29-06-14 22:00
176,860123571,adventure-works\david7,/3/1/18/10/,4,Production Technician - WC30,23-09-85,M,M,14-02-09,0,29,34,1,85AFB689-7EAB-41A8-B154-9446195D5BDE,29-06-14 22:00
177,551346974,adventure-works\russell1,/3/1/18/11/,4,Production Technician - WC30,11-02-82,M,M,21-02-09,0,24,32,1,D54C7989-2675-4EF3-B392-370A8D264B2B,29-06-14 22:00
178,568626529,adventure-works\john3,/3/1/18/12/,4,Production Technician - WC30,24-03-82,S,M,03-03-09,0,27,33,1,96C7EAB1-6DEA-4C59-AFD8-923F0E8DE1F6,29-06-14 22:00
179,587567941,adventure-works\jan0,/3/1/18/13/,4,Production Technician - WC30,15-11-74,S,M,05-03-09,0,30,35,1,975F827D-BE71-4EB1-8DBF-E6C451D1FAD5,29-06-14 22:00
180,862951447,adventure-works\katie0,/3/1/19/,3,Production Supervisor - WC20,18-11-84,S,F,20-02-09,0,42,41,1,5BE8B211-CBE5-45D8-84FD-23F36A881473,29-06-14 22:00
181,545337468,adventure-works\michael0,/3/1/19/1/,4,Production Technician - WC20,17-11-84,S,M,09-12-08,0,20,30,1,4FD6FE82-535A-4DD1-BEB1-154A8B5E42F0,29-06-14 22:00
182,368920189,adventure-works\nitin0,/3/1/19/2/,4,Production Technician - WC20,01-12-86,S,M,28-12-08,0,21,30,1,EBBC6787-3F2D-4F6B-9EA3-4DEF02EF382E,29-06-14 22:00
183,969985265,adventure-works\barbara0,/3/1/19/3/,4,Production Technician - WC20,02-07-79,M,F,22-01-09,0,17,28,1,045C9CBB-3448-4599-9FA9-6C7A9F82F832,29-06-14 22:00
184,305522471,adventure-works\john2,/3/1/19/4/,4,Production Technician - WC20,05-04-86,M,M,09-02-09,0,18,29,1,BAB69951-28AD-4BCA-B5AC-032746D0CC6F,29-06-14 22:00
185,621932914,adventure-works\stefen0,/3/1/19/5/,4,Production Technician - WC20,21-12-75,S,M,28-02-09,0,19,29,1,B9EEBF9F-F694-4BC2-98EC-9B4FB0379EDF,29-06-14 22:00
186,551834634,adventure-works\shane0,/3/1/20/,3,Production Supervisor - WC45,24-05-90,S,M,08-02-09,0,75,57,1,2625C358-672A-4000-AD67-B8CD3F318285,29-06-14 22:00
187,713403643,adventure-works\yvonne0,/3/1/20/1/,4,Production Technician - WC45,15-04-89,M,F,09-12-08,0,79,59,1,83C6DABF-FD7D-4F5B-BB22-EB7EEBB9A772,29-06-14 22:00
188,435234965,adventure-works\douglas0,/3/1/20/2/,4,Production Technician - WC45,24-11-85,M,M,27-12-08,0,80,60,1,1AB0EDEB-7558-4734-8423-5A11B44DCA35,29-06-14 22:00
189,187369436,adventure-works\janeth0,/3/1/20/3/,4,Production Technician - WC45,24-07-72,S,F,15-01-09,0,81,60,1,8261B8CB-BC3F-4BCE-B364-86035D870263,29-06-14 22:00
190,456839592,adventure-works\robert0,/3/1/20/4/,4,Production Technician - WC45,28-02-85,S,M,02-02-09,0,82,61,1,2203154E-5EBD-4ACA-99BE-D835A3309D03,29-06-14 22:00
191,399658727,adventure-works\lionel0,/3/1/20/5/,4,Production Technician - WC45,14-03-88,S,M,26-02-09,0,78,59,1,231B1798-F67B-45C1-9688-265180F93D28,29-06-14 22:00
192,634335025,adventure-works\brenda0,/3/1/21/,3,Production Supervisor - WC40,28-02-83,M,F,05-03-09,0,71,55,1,714D519B-375E-4C5A-8491-C758D00CF95F,29-06-14 22:00
193,761597760,adventure-works\alejandro0,/3/1/21/1/,4,Production Technician - WC40,05-12-88,S,M,06-12-08,0,52,46,1,8C7321D2-2C64-4902-9D64-8F5C1EB7F747,29-06-14 22:00
194,295971920,adventure-works\fred0,/3/1/21/2/,4,Production Technician - WC40,25-06-89,S,M,12-12-08,0,47,43,1,45358AE8-0B0E-4C11-90BB-DAC3EC0D5C82,29-06-14 22:00
195,918737118,adventure-works\kevin1,/3/1/21/3/,4,Production Technician - WC40,25-12-85,S,M,17-12-08,0,58,49,1,DC7E95FF-275E-41C2-8ED3-686864F0540A,29-06-14 22:00
196,370487086,adventure-works\shammi0,/3/1/21/4/,4,Production Technician - WC40,04-10-80,M,M,24-12-08,0,53,46,1,9BEF0C94-7969-4905-9A42-CE469C754800,29-06-14 22:00
197,632092621,adventure-works\rajesh0,/3/1/21/5/,4,Production Technician - WC40,04-10-77,M,M,31-12-08,0,48,44,1,ACA7B40C-7AC0-4DAA-B4C7-1051D850D7D9,29-06-14 22:00
198,19312190,adventure-works\lorraine0,/3/1/21/6/,4,Production Technician - WC40,26-11-88,M,F,04-01-09,0,49,44,1,A63966B6-9AD6-40BC-AFD4-A83745879F4D,29-06-14 22:00
199,992874797,adventure-works\paula1,/3/1/21/7/,4,Production Technician - WC40,10-02-87,M,F,12-01-09,0,54,47,1,5DD2BE46-204F-4AF3-91F5-5EF082F6D6A6,29-06-14 22:00
200,749211824,adventure-works\frank0,/3/1/21/8/,4,Production Technician - WC40,06-09-87,M,M,17-01-09,0,56,48,1,DD9AD278-ED17-40CF-8619-BAF1BB9D1CF2,29-06-14 22:00
201,746201340,adventure-works\brian0,/3/1/21/9/,4,Production Technician - WC40,10-02-77,S,M,29-01-09,0,55,47,1,18D594A8-B4ED-43C0-9C43-6033FEAADF4E,29-06-14 22:00
202,436757988,adventure-works\tawana0,/3/1/21/10/,4,Production Technician - WC40,10-11-89,S,M,05-02-09,0,50,45,1,BB4A3E50-232E-4212-9FAF-E67429FEBC7D,29-06-14 22:00
203,693168613,adventure-works\ken1,/3/1/21/11/,4,Production Technician - WC40,28-05-81,M,M,24-02-09,0,51,45,1,699C00D8-C4AB-4CD2-A48F-37CBCB5BFCCA,29-06-14 22:00
204,440379437,adventure-works\gabe0,/3/1/21/12/,4,Production Technician - WC40,10-05-88,M,M,08-03-09,0,57,48,1,790C9A7C-264C-4D48-A9D3-E2571A8011D8,29-06-14 22:00
205,332349500,adventure-works\lori0,/3/1/22/,3,Production Supervisor - WC45,18-07-80,S,F,26-02-09,0,76,58,1,23D436FC-08F7-4988-8B4D-490AA4E8B7E7,29-06-14 22:00
206,835460180,adventure-works\stuart0,/3/1/22/1/,4,Production Technician - WC45,13-09-62,S,M,02-12-08,0,84,62,1,4F361B4F-7920-4037-9A0A-46D616F9B9C7,29-06-14 22:00
207,687685941,adventure-works\greg0,/3/1/22/2/,4,Production Technician - WC45,18-10-70,S,M,02-12-08,0,85,62,1,A36B5D6B-72A5-47F8-9F6B-5D922130E760,29-06-14 22:00
208,199546871,adventure-works\scott0,/3/1/22/3/,4,Production Technician - WC45,10-02-87,M,M,08-01-09,0,86,63,1,E35DA50A-BB51-4E08-8B8D-87EF4650247A,29-06-14 22:00
209,167554340,adventure-works\kathie0,/3/1/22/4/,4,Production Technician - WC45,01-11-90,M,F,27-01-09,0,87,63,1,25FC84D7-E013-44B8-82CD-63CD4723AF81,29-06-14 22:00
210,20244403,adventure-works\belinda0,/3/1/22/5/,4,Production Technician - WC45,17-09-69,S,F,20-02-09,0,83,61,1,F714B5EC-CA7C-4E6E-A812-2C5A119F4C30,29-06-14 22:00
211,398223854,adventure-works\hazem0,/3/2/,2,Quality Assurance Manager,26-10-77,S,M,28-02-09,1,80,60,1,05C84608-F445-4F9D-BB5C-0828C309C29D,26-12-14 8:17
212,885055826,adventure-works\peng0,/3/2/1/,3,Quality Assurance Supervisor,18-03-76,M,M,09-12-08,1,81,60,1,E249D613-36C9-4544-9B6F-6CE50E5E0DA5,29-06-14 22:00
213,343861179,adventure-works\sootha0,/3/2/1/1/,4,Quality Assurance Technician,05-12-66,M,M,23-02-10,0,85,62,1,A3DADF19-27F0-460A-9888-CE6CAA9E3583,29-06-14 22:00
214,131471224,adventure-works\andreas0,/3/2/1/2/,4,Quality Assurance Technician,28-03-89,M,M,02-02-09,0,84,62,1,F4DDD64F-DFFE-4DF3-AA17-D6BEA1924818,29-06-14 22:00
215,381772114,adventure-works\mark0,/3/2/1/3/,4,Quality Assurance Technician,30-04-86,S,M,15-01-09,0,83,61,1,6B63EF27-2C55-4F4C-BE29-FCE8B694DC4A,29-06-14 22:00
216,403414852,adventure-works\sean0,/3/2/1/4/,4,Quality Assurance Technician,06-03-76,S,M,28-12-08,0,82,61,1,34E128CF-D904-4327-8014-9DF0D5DE7D08,29-06-14 22:00
217,345106466,adventure-works\zainal0,/3/2/2/,3,Document Control Manager,30-01-76,M,M,04-01-09,0,77,58,1,DC60EEED-9F9F-4435-8666-4DE4FAFDE9C3,29-06-14 22:00
218,540688287,adventure-works\tengiz0,/3/2/2/1/,4,Control Specialist,28-04-90,S,M,16-12-08,0,76,58,1,C609B3B2-7969-410C-934C-62C34B63C4EE,29-06-14 22:00
219,242381745,adventure-works\sean1,/3/2/2/2/,4,Document Control Assistant,12-03-87,S,M,22-01-09,0,78,59,1,F78657A9-83EF-4B4D-9809-3C4C6D1A7BB4,29-06-14 22:00
220,260770918,adventure-works\karen0,/3/2/2/3/,4,Document Control Assistant,25-12-75,M,F,09-02-09,0,79,59,1,8A41ED23-7AE2-4C15-AA5D-9496E721F848,29-06-14 22:00
221,260805477,adventure-works\chris1,/3/2/2/4/,4,Control Specialist,26-05-87,M,M,06-03-09,0,75,57,1,45C358FB-9C7F-4D36-8EC7-3D89E9FD07F4,29-06-14 22:00
222,685233686,adventure-works\ascott0,/3/3/,2,Master Scheduler,17-09-68,S,M,12-12-08,0,44,42,1,13909262-4136-492F-BCA3-0B0E3773B03E,26-12-14 8:17
223,981495526,adventure-works\sairaj0,/3/3/1/,3,Scheduling Assistant,22-12-87,M,M,26-01-09,0,46,43,1,4D36A720-CE32-4C47-866A-DB7844449309,29-06-14 22:00
224,621209647,adventure-works\william0,/3/3/2/,3,Scheduling Assistant,06-11-81,M,M,07-01-09,0,45,42,1,1A68CD62-6FE9-4613-90D4-2CD178E4E54A,29-06-14 22:00
225,470689086,adventure-works\alan0,/3/3/3/,3,Scheduling Assistant,29-03-84,M,M,13-02-09,0,47,43,1,DE321854-B076-4D59-BB7B-42152031B108,29-06-14 22:00
226,368691270,adventure-works\brian1,/3/3/4/,3,Scheduling Assistant,11-08-84,M,M,03-03-09,0,48,44,1,DFA02733-C26E-4E31-99D8-9167E4E5131D,29-06-14 22:00
227,141165819,adventure-works\gary1,/3/4/,2,Facilities Manager,18-02-71,M,M,02-12-09,1,86,63,1,62F6EC59-5635-44F3-9CC1-2D8EEAF90A05,29-06-14 22:00
228,553069203,adventure-works\christian0,/3/4/1/,3,Maintenance Supervisor,18-01-76,M,M,14-12-08,1,92,66,1,4611C7C5-90A0-407F-B054-93BD51533609,29-06-14 22:00
229,879334904,adventure-works\lori1,/3/4/1/1/,4,Janitor,31-07-70,M,F,16-02-10,0,90,65,1,929FE187-EE24-4F5F-AF2A-F96324F09423,29-06-14 22:00
230,28414965,adventure-works\stuart1,/3/4/1/2/,4,Janitor,17-12-71,M,M,05-03-10,0,88,64,1,CC2791E6-7629-49C5-922A-81445AFDF033,29-06-14 22:00
231,153479919,adventure-works\jo1,/3/4/1/3/,4,Janitor,24-04-54,M,F,07-03-10,0,91,65,1,39AF5CCA-9B52-41E5-B510-72901D2578F6,29-06-14 22:00
232,646304055,adventure-works\pat0,/3/4/1/4/,4,Janitor,03-12-70,S,M,27-01-10,0,89,64,1,49238447-30EE-4009-993F-0B6C756AB436,29-06-14 22:00
233,552560652,adventure-works\magnus0,/3/4/2/,3,Facilities Administrative Assistant,27-08-71,M,M,21-12-09,0,87,63,1,0A4BCC09-ACE5-4481-9067-8B9ED70ECA18,29-06-14 22:00
234,184188301,adventure-works\laura1,/4/,1,Chief Financial Officer,06-01-76,M,F,31-01-09,1,0,20,1,D5E315A6-BD65-4D67-9D5F-81EF5C4EF8A6,29-06-14 22:00
235,535145551,adventure-works\paula0,/4/1/,2,Human Resources Manager,11-02-76,M,F,06-12-08,1,54,47,1,65028F15-4149-4DE5-B203-9D7EC86BAF87,29-06-14 22:00
236,476980013,adventure-works\grant0,/4/1/1/,3,Human Resources Administrative Assistant,16-04-76,S,M,25-02-09,0,53,46,1,4511ABBA-7F34-400E-907B-A663C20E1A41,29-06-14 22:00
237,416679555,adventure-works\hao0,/4/1/2/,3,Human Resources Administrative Assistant,17-04-77,S,M,06-02-09,0,52,46,1,FD53C4C8-B34E-460F-9EE5-747B07FE98B3,29-06-14 22:00
238,264306399,adventure-works\vidur0,/4/1/3/,3,Recruiter,01-08-84,S,M,01-01-09,0,50,45,1,47E76B59-B137-4572-AD55-6B3E68C13BD3,29-06-14 22:00
239,619308550,adventure-works\mindy0,/4/1/4/,3,Benefits Specialist,20-11-84,M,F,25-12-08,0,51,45,1,834D7AB6-06E6-4944-B42F-028CD4BD388E,29-06-14 22:00
240,332040978,adventure-works\willis0,/4/1/5/,3,Recruiter,18-07-78,S,M,13-12-08,0,49,44,1,A1D86ECC-EA17-4B1B-8369-F1D07AB0A469,29-06-14 22:00
241,30845,adventure-works\david6,/4/2/,2,Accounts Manager,08-07-83,M,M,30-01-09,1,57,48,1,2DC9D534-F5D1-4A14-8282-0A2A0EB6FD4D,29-06-14 22:00
242,363923697,adventure-works\deborah0,/4/2/1/,3,Accounts Receivable Specialist,06-03-76,M,F,18-12-08,0,60,50,1,09F75454-028C-46CA-BC08-0147BD0220D7,29-06-14 22:00
243,60517918,adventure-works\candy0,/4/2/2/,3,Accounts Receivable Specialist,23-02-76,S,F,06-01-09,0,61,50,1,9E9F713B-707C-4F7E-9504-DE188052A045,29-06-14 22:00
244,931190412,adventure-works\bryan1,/4/2/3/,3,Accounts Receivable Specialist,20-09-84,S,M,24-01-09,0,62,51,1,CB3E71EC-A381-4716-87DF-D3841AB9795A,29-06-14 22:00
245,363910111,adventure-works\barbara1,/4/2/4/,3,Accountant,04-01-76,M,F,18-02-09,1,58,49,1,3FFBA84E-8E97-4649-A5E1-859649D83AAE,29-06-14 22:00
246,663843431,adventure-works\dragan0,/4/2/5/,3,Accounts Payable Specialist,14-02-77,M,M,11-02-09,0,63,51,1,51C54D34-064B-44F7-A6B1-7702BD491980,29-06-14 22:00
247,519756660,adventure-works\janet0,/4/2/6/,3,Accounts Payable Specialist,09-03-79,M,F,01-03-09,0,64,52,1,0C641D77-8675-493F-9947-8C65136559CD,29-06-14 22:00
248,480951955,adventure-works\mike0,/4/2/7/,3,Accountant,01-07-79,S,M,08-03-09,1,59,49,1,AC35337D-7C75-4DEE-BB11-6564F257FE18,29-06-14 22:00
249,121491555,adventure-works\wendy0,/4/3/,2,Finance Manager,11-10-84,S,F,25-12-08,1,55,47,1,8F410408-4AA8-4D67-886D-530BFE4EBE3B,29-06-14 22:00
250,895209680,adventure-works\sheela0,/4/3/1/,3,Purchasing Manager,10-02-78,S,F,25-02-11,1,49,44,1,7D6B0155-0191-4599-8394-378EBDE63C9A,29-06-14 22:00
251,603686790,adventure-works\mikael0,/4/3/1/1/,4,Buyer,17-08-84,S,M,10-02-09,0,59,49,1,D0FD55FF-42FA-491E-8B3B-AB3316018909,29-06-14 22:00
252,792847334,adventure-works\arvind0,/4/3/1/2/,4,Buyer,21-08-74,M,M,28-02-09,0,60,50,1,51DE26F0-6ED9-4A70-B689-88EB882674B6,29-06-14 22:00
253,407505660,adventure-works\linda2,/4/3/1/3/,4,Buyer,30-11-70,M,F,17-12-09,0,56,48,1,ED06F9F4-2123-4C44-89D7-E43E1E1ABC2F,29-06-14 22:00
254,482810518,adventure-works\fukiko0,/4/3/1/4/,4,Buyer,24-11-70,M,M,04-01-10,0,57,48,1,36CD6636-C657-4FC7-9BFA-CC1BFA9102A2,29-06-14 22:00
255,466142721,adventure-works\gordon0,/4/3/1/5/,4,Buyer,29-11-66,M,M,11-01-10,0,52,46,1,2CB2D5C3-C437-49B1-9FFD-FAA096F6126F,29-06-14 22:00
256,367453993,adventure-works\frank2,/4/3/1/6/,4,Buyer,12-05-52,M,M,23-01-10,0,58,49,1,0423D8D0-1B14-4718-8C17-85E2F98D222F,29-06-14 22:00
257,381073001,adventure-works\eric2,/4/3/1/7/,4,Buyer,17-09-72,S,M,27-01-10,0,54,47,1,A28AB377-06F5-417A-A5E2-59F459088699,29-06-14 22:00
258,785853949,adventure-works\erin0,/4/3/1/8/,4,Buyer,04-01-71,S,F,31-01-10,0,53,46,1,B60712A9-50A5-4296-B892-69C4701834B0,29-06-14 22:00
259,20269531,adventure-works\ben0,/4/3/1/9/,4,Buyer,03-06-73,M,M,09-03-10,0,55,47,1,B9641CAE-765C-4662-B760-C167A1F2B8B5,29-06-14 22:00
260,437296311,adventure-works\annette0,/4/3/1/10/,4,Purchasing Assistant,29-01-78,M,F,06-12-10,0,50,45,1,9E03395F-4D5D-4A53-880E-174BD8C1DB59,29-06-14 22:00
261,280633567,adventure-works\reinout0,/4/3/1/11/,4,Purchasing Assistant,17-01-78,M,M,25-12-10,0,51,45,1,9825EB00-8E36-4506-93A2-6DDCDC0B13C3,29-06-14 22:00
262,231203233,adventure-works\david5,/4/4/,2,Assistant to the Chief Financial Officer,21-06-64,S,M,12-01-09,0,56,48,1,BE81FD77-428C-449F-AB79-48B1CDF53D6A,29-06-14 22:00
263,441044382,adventure-works\jean0,/5/,1,Information Services Manager,13-12-75,S,F,11-12-08,1,65,52,1,794A0B1F-C46A-401C-984D-008996FC7092,29-06-14 22:00
264,858323870,adventure-works\stephanie0,/5/1/,2,Network Manager,25-03-84,S,F,04-02-09,1,68,54,1,221CBB7B-8BAE-452B-A16F-A67EBB3873C8,29-06-14 22:00
265,749389530,adventure-works\ashvini0,/5/1/1/,3,Network Administrator,27-03-77,S,M,04-12-08,0,70,55,1,2E680C1C-7C02-4343-9626-6F97273414C0,29-06-14 22:00
266,672243793,adventure-works\peter1,/5/1/2/,3,Network Administrator,28-05-80,S,M,23-02-09,0,69,54,1,86601E6A-6955-40FC-BB4A-1053A843CE99,29-06-14 22:00
267,58317344,adventure-works\karen1,/5/2/,2,Application Specialist,19-05-78,S,F,16-02-09,1,74,57,1,45C3D0F5-3332-419D-AD40-A98996BB5531,29-06-14 22:00
268,314747499,adventure-works\ramesh0,/5/3/,2,Application Specialist,13-03-88,S,M,03-02-09,1,73,56,1,BE190269-4003-4D7F-809E-7B3FDC235DA8,29-06-14 22:00
269,671089628,adventure-works\dan0,/5/4/,2,Application Specialist,26-05-87,M,M,11-01-09,1,72,56,1,71B0D010-5AC5-4E91-8EFA-C311C1372A73,29-06-14 22:00
270,643805155,adventure-works\françois0,/5/5/,2,Database Administrator,17-05-75,S,M,17-01-09,1,67,53,1,0C7F025D-8D56-48EF-86C0-F09DB63D0182,29-06-14 22:00
271,929666391,adventure-works\dan1,/5/6/,2,Database Administrator,06-01-76,M,M,22-01-09,1,66,53,1,2474E1A9-902D-466C-B0B2-6DCAC927F753,29-06-14 22:00
272,525932996,adventure-works\janaina0,/5/7/,2,Application Specialist,30-01-85,M,F,23-12-08,1,71,55,1,241535C7-7A31-4A6A-9E0D-A83C30C2EDDA,29-06-14 22:00
273,112432117,adventure-works\brian3,/6/,1,Vice President of Sales,06-06-77,S,M,15-02-11,1,10,25,1,F3EC557C-8B41-4EE6-BB0C-E3B93AFF81E5,29-06-14 22:00
274,502097814,adventure-works\stephen0,/6/1/,2,North American Sales Manager,17-10-51,M,M,04-01-11,1,14,27,1,86D5FA9E-4BC0-48C8-91DC-1EC467418D11,29-06-14 22:00
275,841560125,adventure-works\michael9,/6/1/1/,3,Sales Representative,25-12-68,S,M,31-05-11,1,38,39,1,E19F8DE2-0F40-418C-84A2-DB48B98DC6A2,29-06-14 22:00
276,191644724,adventure-works\linda3,/6/1/2/,3,Sales Representative,27-02-80,M,F,31-05-11,1,27,33,1,4509F387-D73A-43DC-A502-B1C27AA1DC9E,29-06-14 22:00
277,615389812,adventure-works\jillian0,/6/1/3/,3,Sales Representative,29-08-62,S,F,31-05-11,1,24,32,1,A011C97B-081C-4739-996F-C1CAC4532F8D,29-06-14 22:00
278,234474252,adventure-works\garrett1,/6/1/4/,3,Sales Representative,04-02-75,M,M,31-05-11,1,33,36,1,50EECC16-0D0D-43A9-9649-016C06DE8D78,29-06-14 22:00
279,716374314,adventure-works\tsvi0,/6/1/5/,3,Sales Representative,18-01-74,M,M,31-05-11,1,29,34,1,BB510FCE-0105-4306-B591-6450D9EBF401,29-06-14 22:00
280,61161660,adventure-works\pamela0,/6/1/6/,3,Sales Representative,06-12-74,S,F,31-05-11,1,22,31,1,7627B9D6-0707-4706-9AD9-0D37506B08AE,29-06-14 22:00
281,139397894,adventure-works\shu0,/6/1/7/,3,Sales Representative,09-03-68,M,M,31-05-11,1,26,33,1,4103C891-37E8-4DFC-AEAC-B55E2BC1BE1C,29-06-14 22:00
282,399771412,adventure-works\josé1,/6/1/8/,3,Sales Representative,11-12-63,M,M,31-05-11,1,31,35,1,FD3992FB-3067-451D-A09D-73BD53C0FECA,29-06-14 22:00
283,987554265,adventure-works\david8,/6/1/9/,3,Sales Representative,11-02-74,S,M,31-05-11,1,23,31,1,1E8F9E91-508F-4D49-ACD2-775C836030ED,29-06-14 22:00
284,90836195,adventure-works\tete0,/6/1/10/,3,Sales Representative,05-01-78,M,M,30-09-12,1,39,39,1,0C67CE00-DE78-4712-908F-06939A2C58D5,29-06-14 22:00
285,481044938,adventure-works\syed0,/6/2/,2,Pacific Sales Manager,11-01-75,M,M,14-03-13,1,20,30,1,86F292DB-B73C-429D-9912-800994D809FB,29-06-14 22:00
286,758596752,adventure-works\lynn0,/6/2/1/,3,Sales Representative,14-02-77,S,F,30-05-13,1,36,38,1,4A9A8407-A680-4A6B-8D03-511CB58F9A8A,29-06-14 22:00
287,982310417,adventure-works\amy0,/6/3/,2,European Sales Manager,20-09-57,M,F,16-04-12,1,21,30,1,66D66445-EE78-4676-9E66-0E22D6109A92,29-06-14 22:00
288,954276278,adventure-works\rachel0,/6/3/1/,3,Sales Representative,09-07-75,S,F,30-05-13,1,35,37,1,B9BF7741-E0CA-4F37-ACDE-A4F78C6D03E9,29-06-14 22:00
289,668991357,adventure-works\jae0,/6/3/2/,3,Sales Representative,17-03-68,M,F,30-05-12,1,37,38,1,723A5921-D8A1-4659-9BC4-13C4CF7C9C91,29-06-14 22:00
290,134219713,adventure-works\ranjit0,/6/3/3/,3,Sales Representative,30-09-75,S,M,30-05-12,1,34,37,1,604213F9-DD0F-43B4-BDD2-C96E93D3F4BF,29-06-14 22:00
