BusinessEntityID,PersonType,NameStyle,Title,FirstName,MiddleName,LastName,Suffix,EmailPromotion,AdditionalContactInfo,rowguid,ModifiedDate
6469,IN,0,NA,Logan,A,Bryant,NA,0,NA,CF1ED7E6-452E-4F4A-A3BA-E61EF9C52BD7,17-04-13 22:00
6301,IN,0,NA,Cameron,NA,Flores,NA,2,NA,8E86EFDC-5595-4756-9BF8-B0F1100F544F,21-05-14 22:00
5641,IN,0,NA,Luke,NA,Perry,NA,2,NA,7A54921C-6EC9-42E5-977A-2C6C525EE0CB,08-05-12 22:00
10653,IN,0,NA,Bailey,R,Lopez,NA,0,NA,7B580692-C1C6-40B8-B97D-A3D02691B2F8,13-07-13 22:00
8980,IN,0,NA,Faith,NA,Sanchez,NA,0,NA,E3E9BC97-56D6-456E-91D9-B3AD9EFF5201,02-10-13 22:00
5926,IN,0,NA,Logan,L,Lal,NA,0,NA,4135FC3C-A36C-4845-9828-B7B3438674C6,06-01-14 23:00
7296,IN,0,NA,Miranda,NA,Griffin,NA,0,NA,994FFCF3-1904-4C91-803D-AD92402468AA,14-11-13 23:00
5445,IN,0,NA,Eugene,L,Chen,NA,0,NA,B779FBF5-64E6-400A-B273-E2ED1115044F,25-12-13 23:00
7118,IN,0,NA,Adrienne,M,Dominguez,NA,0,NA,8B6932CB-A99E-45F0-8FB4-12AC6E237DAE,28-01-14 23:00
4891,IN,0,NA,Charles,R,Adams,NA,2,NA,FAA29129-5894-4F86-979D-015EE4733364,06-07-13 22:00
8515,IN,0,NA,Sharon,NA,Yuan,NA,1,NA,BCD0FAEC-2049-40AE-BAB1-FEBD19D0396C,09-11-13 23:00
13269,IN,0,NA,Roger,A,Cai,NA,0,NA,A31060EB-AC7A-43B3-949C-4866087F6124,27-07-13 22:00
11446,IN,0,NA,Jenny,S,Wu,NA,0,NA,6354AACB-6AEB-4FA9-A957-822EF15F18B6,01-09-13 22:00
19776,IN,0,NA,Rachel,NA,Foster,NA,0,NA,095D5663-A18B-4B84-ACDC-3A4D9DC3AA46,01-07-11 22:00
795,SC,0,Mr.,Bruno,NA,Deniut,NA,2,NA,945A67E6-CAC2-47D8-8B7E-569DEFA040D5,29-06-13 22:00
6214,IN,0,NA,Daisy,B,Carlson,NA,0,NA,02073F35-58A6-42EE-8AD2-BAC1DBB152A2,21-05-13 22:00
17178,IN,0,NA,Tony,NA,Lal,NA,0,NA,71C982D4-93D4-4B08-8298-549841BA48FF,20-05-14 22:00
17843,IN,0,NA,Nathan,W,Garcia,NA,0,NA,A9D4F432-6BE6-4B60-8D5F-E75DA5614279,23-09-13 22:00
18886,IN,0,NA,Andrew,C,Thomas,NA,2,NA,BA6C906A-53E2-41DF-A028-E03DDF5E75ED,06-11-11 23:00
13346,IN,0,NA,Julian,NA,Alexander,NA,0,NA,01E8A7BC-B204-4472-970C-2CC343EB97A7,16-02-14 23:00
15723,IN,0,NA,Marc,C,Ortega,NA,0,NA,5F3A411D-E623-475E-A5B3-F0AEA23B0B0D,22-11-13 23:00
17125,IN,0,NA,Mitchell,M,Shen,NA,0,NA,FDA85AFA-4541-48A7-B730-79D2667741A2,11-10-12 22:00
18382,IN,0,NA,J<e9>sus,R,Romero,NA,0,NA,A03DAC3D-9831-47AD-8FD9-8734807F3D77,08-09-13 22:00
13744,IN,0,NA,Eduardo,S,Flores,NA,0,NA,33C7E8FB-D3F8-4419-8B1E-41A2176E682D,11-10-13 22:00
9015,IN,0,NA,Michele,S,Navarro,NA,0,NA,92BA58EB-8938-4B2B-A7CF-BC13C4844BC2,06-10-13 22:00
12667,IN,0,NA,Elizabeth,NA,Perry,NA,1,NA,D6432CF6-100F-47D6-8B3E-8C53B4A0EC84,20-06-14 22:00
6740,IN,0,NA,Benjamin,NA,Yang,NA,0,NA,3FAB7E20-7EE8-483A-865D-FA40B4315EC8,26-10-13 22:00
19085,IN,0,NA,Megan,NA,Blue,NA,0,NA,42555B6F-1821-40EB-8D36-12AB1F2B6B72,22-05-14 22:00
20435,IN,0,NA,Peter,E,Black,NA,0,NA,008A1D74-548B-4237-9350-4D41F0A5CD51,27-03-14 23:00
18035,IN,0,NA,David,P,White,NA,0,NA,11B51E69-723C-4AA5-BE2D-C4E7C9A8BB53,10-11-13 23:00
1733,IN,0,Mr.,K.,NA,Saravan,NA,1,NA,058683CA-E32B-4E5D-9D3E-5A4420FE9FB4,30-08-13 22:00
11492,IN,0,NA,Destiny,M,Taylor,NA,0,NA,13CF804A-AAA4-4920-AA68-AF065AF829C6,12-02-14 23:00
101,EM,0,NA,Houman,N,Pournasseh,NA,2,NA,14E39720-994D-42C0-A26D-7877BB264FF5,17-01-09 23:00
16512,IN,0,NA,Adam,NA,Mitchell,NA,0,NA,60E524FF-E691-4252-8B6E-5BC93F72D3AB,13-04-14 22:00
48,EM,0,NA,Ruth,Ann,Ellerbrock,NA,0,NA,9BE35B50-2024-4785-9393-7C7AB8D9634D,29-12-07 23:00
13586,IN,0,NA,Blake,A,Barnes,NA,0,NA,A084C57B-DA7C-4C0E-ADBE-FA2E0439E91F,29-04-14 22:00
14857,IN,0,NA,Lance,C,Navarro,NA,1,NA,B52D6F0F-0ECD-4372-BDC3-5A621F741098,09-09-12 22:00
16608,IN,0,NA,Mason,E,Lopez,NA,1,NA,FC71BCDD-02FC-49D6-A938-78113BBF6EE1,29-05-14 22:00
11726,IN,0,NA,Pedro,NA,Serrano,NA,2,NA,EE18E433-465D-4417-90B0-B33032415CC3,28-09-12 22:00
5346,IN,0,NA,Dale,B,Nath,NA,0,NA,F3D337C7-3D52-44FA-8312-A3016EA1C818,05-12-13 23:00
18242,IN,0,NA,Curtis,E,Li,NA,0,NA,B734F287-E9AA-438A-BBA1-A1F2F7BA8158,24-03-14 23:00
7390,IN,0,NA,Stefanie,J,Gonzalez,NA,2,NA,7AD1254F-D8A4-4ADB-8FEB-3448CC6C51DD,02-08-13 22:00
1735,IN,0,Ms.,Yvonne,NA,Schleger,NA,0,NA,F2037823-3037-4A1A-9D49-6142D894A978,14-06-12 22:00
10470,IN,0,NA,Jan,L,Hernandez,NA,0,NA,0353A207-F363-4DA7-A5CF-817483D6390C,28-12-13 23:00
2641,IN,0,NA,Max,NA,Ruiz,NA,0,NA,439BE104-FF29-4611-98B6-4A10BFCDC40C,30-12-13 23:00
4717,IN,0,NA,Jodi,L,Rai,NA,1,NA,ECE9C929-3A84-4F6E-B7C5-CC01EC2D0E45,22-01-14 23:00
6131,IN,0,NA,Daisy,L,Vazquez,NA,0,NA,199CEC11-05BB-4CA1-A517-7CF833B83767,25-09-11 22:00
4920,IN,0,NA,Devin,J,Moore,NA,0,NA,41C54CB7-03DB-441E-A040-4BB763E931AA,15-01-14 23:00
15875,IN,0,NA,Kevin,M,Perez,NA,0,NA,6D779020-9E6C-4821-93BE-CA7C6B02F41B,21-10-11 22:00
18498,IN,0,NA,Cindy,G,Ramos,NA,0,NA,39D7D685-C1A3-4941-9860-B49982925C21,02-03-14 23:00
7366,IN,0,NA,Stefanie,R,Schmidt,NA,2,NA,C49F2DE9-FAF6-4CB6-A1D1-D30C7D30C403,12-05-14 22:00
5115,IN,0,NA,Karl,L,Stone,NA,0,NA,190236B1-2948-4635-B4E7-DF5184124D76,29-10-12 23:00
14957,IN,0,NA,Cole,D,Morgan,NA,0,NA,9781D304-F11A-4C2B-A7BE-81D2BDE31A1F,16-03-14 23:00
2053,VC,0,Mr.,Mark,NA,Wistrom,NA,0,NA,B788A80C-D5CC-4EB5-B63A-7B8C4AA9A9AD,08-05-11 22:00
2977,IN,0,NA,Kelvin,M,Rai,NA,0,NA,E239AFF9-705A-4375-BD58-3BC6C3ACAA26,16-11-13 23:00
8893,IN,0,NA,Cassie,A,Sharma,NA,1,NA,750C95EC-6033-476B-B14E-47B324138572,11-02-14 23:00
9838,IN,0,NA,Mary,NA,Gonzalez,NA,1,NA,088CF0DC-BF80-4CC7-86D7-E5916B827616,04-08-13 22:00
7738,IN,0,NA,Jacqueline,A,Coleman,NA,2,NA,2A9F982E-7230-403A-BE3B-1A0666C6B857,28-04-14 22:00
16869,IN,0,NA,Russell,E,Chander,NA,0,NA,CFD21B50-069C-46D2-8861-61E8392560ED,06-01-14 23:00
12567,IN,0,NA,Alejandro,E,Raji,NA,0,NA,E3267629-1A18-4DDB-996E-790C1DEF17BA,31-12-12 23:00
18300,IN,0,NA,Brandon,C,White,NA,1,NA,EC1F8A83-B686-4AC0-92BA-A5D629787002,18-04-14 22:00
7410,IN,0,NA,Vanessa,NA,Washington,NA,0,NA,774138BF-56DE-4DDD-8826-FEF7DCEDA8E2,14-03-12 23:00
11531,IN,0,NA,Jenny,NA,Ferrier,NA,0,NA,AB0C7EA1-CCE9-46A6-B98C-49330836FF8D,14-08-12 22:00
4516,IN,0,NA,Carly,J,Nath,NA,0,NA,524A76D0-3FF1-471E-B311-35CC03F71070,18-08-11 22:00
3273,IN,0,NA,Margaret,R,Powell,NA,0,NA,02EFBAED-66EB-4409-9DBF-B5908CD6C3D4,10-01-14 23:00
4934,IN,0,NA,Devin,NA,Harris,NA,2,NA,AE8D711D-C4BC-4EC7-9D11-4A4FB10EB8BC,14-08-13 22:00
15623,IN,0,NA,Damien,L,Anand,NA,1,NA,3566FE41-CC2A-4DC6-AC15-483D983C76FD,27-03-14 23:00
14333,IN,0,NA,Kristy,M,Torres,NA,2,NA,6E57C91D-CC53-48A3-9651-41B980191B91,20-09-12 22:00
4795,IN,0,NA,Lucas,O,Thompson,NA,0,NA,C2273E42-92D4-42FB-8F82-6E1308B131D2,13-03-14 23:00
12356,IN,0,NA,Madison,M,Hall,NA,1,NA,DCEC9908-2EE8-4C9D-B686-99E54A24A820,27-10-13 23:00
18606,IN,0,NA,Stacy,NA,Alvarez,NA,0,NA,C3030F6D-6911-42D3-A57A-CE10ACCC57B1,09-02-12 23:00
11787,IN,0,NA,Olivia,A,Lee,NA,1,NA,C5C798A0-1556-4731-86BD-1BDD15BC5421,24-12-13 23:00
11541,IN,0,NA,Alyssa,L,White,NA,1,NA,266DEE2E-B82E-48C7-A9F0-1A1C91ED897E,22-10-12 22:00
15736,IN,0,NA,Jonathan,NA,Collins,NA,1,NA,CC114D1E-413B-43DF-AF3F-1B4E30136A95,05-05-14 22:00
1395,SC,0,Mr.,Benjamin,NA,Martin,NA,2,NA,9EFCDAA0-8DB7-4E22-9E9D-08E710EF62A4,29-06-13 22:00
8101,IN,0,NA,Mariah,V,Gonzales,NA,2,NA,7EAF5E2F-8B06-4370-B11E-EC386EEA3EC6,28-06-14 22:00
3267,IN,0,NA,Ruth,S,Arun,NA,0,NA,87AE1DCF-9242-4CA5-A455-90BD563C0DDE,08-08-11 22:00
11310,IN,0,NA,Lacey,NA,Nara,NA,1,NA,B8738245-14B6-4BAE-9B62-3BA3140FE6CF,10-04-14 22:00
7011,IN,0,NA,Julio,R,Gill,NA,0,NA,42B8BA04-F70E-4F88-9C59-040FA8F76724,06-05-14 22:00
15387,IN,0,NA,Diane,F,Ruiz,NA,1,NA,A8D42018-00E9-4AEB-BC6B-476B2135A74A,07-10-12 22:00
10608,IN,0,NA,Kaitlyn,NA,Lopez,NA,2,NA,AE0BBF89-CAD0-49BA-97A3-0FC7845F2D7A,15-02-14 23:00
3657,IN,0,NA,Anna,J,Wood,NA,0,NA,9202C535-53D8-4A6C-B5F5-DC22A774CF91,04-01-14 23:00
6415,IN,0,NA,Jonathan,NA,Butler,NA,1,NA,55499795-19F2-4733-9475-4C5C972CFD62,13-02-14 23:00
2130,GC,0,NA,Jim,NA,Hance,NA,2,NA,3AD3330E-3CDB-4BC6-9893-F70A4222E551,23-01-10 23:00
3063,IN,0,NA,Amanda,S,Diaz,NA,1,NA,45AA2499-3B5A-423F-B430-8D7D7970D6EA,18-05-14 22:00
12724,IN,0,NA,Omar,K,She,NA,1,NA,361C6761-1B66-490E-8F62-028DD5660259,06-02-14 23:00
3790,IN,0,NA,Wyatt,NA,Young,NA,0,NA,B19031B3-6A1E-449A-BBF5-F5668E21B060,23-06-13 22:00
19312,IN,0,NA,Olivia,NA,Cooper,NA,0,NA,3172800D-018A-4FD1-9C97-9FF9444A6C04,17-05-14 22:00
3231,IN,0,NA,Maria,NA,Murphy,NA,0,NA,709864B9-7A50-4B2F-A109-6E87FF4FC48C,27-01-14 23:00
6373,IN,0,NA,James,L,Gonzales,NA,1,NA,C8D7CAD1-5BCB-4DEF-AD56-00B90CF7F40A,19-11-13 23:00
7481,IN,0,NA,Isabel,M,Patterson,NA,0,NA,A97BFCE3-12E6-421E-A515-73ACD5ACB1C1,09-07-13 22:00
1941,SC,0,Ms.,Mary,J.,Tullao,NA,1,NA,4C8E9151-92BD-4439-BA58-DF5DD3FDE8BA,29-06-13 22:00
17473,IN,0,NA,Thomas,J,Allen,NA,2,NA,A4B78FFA-9C31-44B6-8B1D-D5D9C9A57618,17-07-13 22:00
10650,IN,0,NA,Jordan,L,Lopez,NA,0,NA,9F9E0B5A-BC26-4211-A7B8-DCB47C9DB5A0,08-05-14 22:00
14384,IN,0,NA,Anne,R,Ramos,NA,1,NA,8C9D5CE2-E3EB-40DE-B60B-D287845272C8,11-11-11 23:00
16817,IN,0,NA,Jesse,NA,Green,NA,2,NA,3AF22A46-3AFE-4D21-BE52-FF43715A6E92,17-08-13 22:00
4399,IN,0,NA,Melvin,E,Nara,NA,0,NA,60B04B21-8F60-410F-AD69-81E7307BD1EE,06-04-14 22:00
20415,IN,0,NA,Peter,NA,Kumar,NA,0,NA,19018027-D421-440F-A7B5-88FA0AA83624,01-12-13 23:00
14541,IN,0,NA,Mathew,E,Ramos,NA,1,NA,6627D030-6558-4A22-BB94-DD32B2CD18C2,11-09-13 22:00
14032,IN,0,NA,Tanya,L,Torres,NA,0,NA,F9977E5C-7180-4DC3-9E1E-8DF1AC6446FB,15-10-13 22:00
17352,IN,0,NA,Krystal,D,Chen,NA,0,NA,773BDAC3-B7E2-42B3-8DDE-4CC49CF7AFB3,13-02-14 23:00
3858,IN,0,NA,Marco,NA,Sai,NA,0,NA,ED193541-1B02-43BC-8706-3C85299E3EF6,12-05-14 22:00
18474,IN,0,NA,Tyler,NA,Johnson,NA,0,NA,3F404B19-4F68-4DE0-8510-079239AD7464,25-09-13 22:00
13887,IN,0,NA,Theresa,NA,Hernandez,NA,0,NA,808C4B4D-9E95-449C-B6AA-20A656E02751,19-04-14 22:00
17769,IN,0,NA,Susan,P,Zhu,NA,2,NA,E4522190-22AE-48B8-ADFA-789E9315D19D,02-11-13 23:00
17328,IN,0,NA,Noah,J,Rodriguez,NA,0,NA,031CA7EA-FB74-43B8-BE07-BEFCE4D4D6D5,28-12-13 23:00
20323,IN,0,NA,Chloe,NA,Alexander,NA,1,NA,9CCF9565-FD08-49BE-8A9E-A98E73FF1439,12-10-13 22:00
6673,IN,0,NA,David,B,Gonzales,NA,1,NA,0CF80F82-48BB-45E7-A0AE-C3A57C8C2D9A,19-02-14 23:00
6686,IN,0,NA,David,NA,Kumar,NA,0,NA,93B32FF4-4AC3-4FBF-8985-D4A8AD525BA2,28-10-13 23:00
9428,IN,0,NA,Katelyn,D,Collins,NA,1,NA,A8DDE8F1-A3C4-417E-BBE9-CFDA7415E86E,16-05-14 22:00
841,SC,0,Ms.,Shelley,NA,Dyck,NA,0,NA,9DFE5A5A-800C-43EB-A8D0-21D142F4D35B,28-01-14 23:00
18425,IN,0,NA,Larry,NA,Munoz,NA,0,NA,1064FD10-ED03-44B1-9860-F747B2105605,18-02-13 23:00
11887,IN,0,NA,Emma,NA,Lewis,NA,1,NA,4624F0F3-ADBE-4EEC-823C-B4EF63AAB577,05-05-14 22:00
6792,IN,0,NA,Caroline,D,Washington,NA,1,NA,CC253D35-E1A6-4955-83C9-6D83BD1E218D,09-01-12 23:00
3153,IN,0,NA,Hailey,L,Cook,NA,0,NA,BFBC1A31-480C-474C-AE57-DAAA1CFCE272,22-07-13 22:00
3647,IN,0,NA,Anna,NA,Watson,NA,0,NA,8B6FF1CF-37DC-4BE6-9F9B-0A9FE6297B7E,21-03-12 23:00
10527,IN,0,NA,Kari,L,Ruiz,NA,1,NA,D5B57041-1B5A-421F-982B-57858FAE6E20,09-10-13 22:00
2781,IN,0,NA,Alfredo,NA,Ruiz,NA,0,NA,E2C1A292-BDA6-4572-90A5-0A8C06E969DF,29-05-14 22:00
2867,IN,0,NA,Muniraju,NA,Pulipalyam,NA,0,NA,7D8478C3-B748-4A6E-9B30-2921E1517615,09-06-14 22:00
4737,IN,0,NA,Trisha,R,Ye,NA,0,NA,6DB88654-160E-4FAE-9ED1-31294CAA8602,18-03-14 23:00
4195,IN,0,NA,Blake,NA,Baker,NA,2,NA,2E4B5A23-525B-445A-BCEB-0852EEAC46DF,03-09-13 22:00
3496,IN,0,NA,Jessica,NA,Watson,NA,0,NA,7D63888F-3518-4B0D-9BA7-611B030E1AC3,12-12-13 23:00
4204,IN,0,NA,Blake,NA,Mitchell,NA,1,NA,16F65B5C-5C3B-4FD9-BFB0-2AB729991A2E,14-10-12 22:00
2337,GC,0,NA,Gary,NA,Schare,NA,2,NA,4A5319AB-9770-4865-8EE7-526A975F6E2B,10-12-08 23:00
16070,IN,0,NA,Nathan,NA,Phillips,NA,0,NA,D12EE799-5F74-4F63-88CA-730AA29BF0CF,23-03-14 23:00
10619,IN,0,NA,Sydney,NA,Lopez,NA,0,NA,998BF86D-BB81-45ED-B3B2-762421EEAD25,07-04-14 22:00
11461,IN,0,NA,Jenny,NA,McDonald,NA,1,NA,288B4D5E-576F-4231-8C02-6278878039CE,16-12-13 23:00
6825,IN,0,NA,Cassidy,A,Patterson,NA,2,NA,4AE99F9E-1A4A-419E-9534-F5E8BDE37F09,06-03-14 23:00
7954,IN,0,NA,Emmanuel,NA,Patel,NA,0,NA,EF8E864B-4DE9-4341-BBDF-FFB94383FA44,05-09-11 22:00
18293,IN,0,NA,Jorge,NA,Huang,NA,0,NA,BBD9EA9E-AE68-4A52-83A5-93492EA845B4,06-07-13 22:00
5785,IN,0,NA,Mandy,K,She,NA,1,NA,36D94C55-644A-4D8B-9C6F-A06CE0D64B39,27-10-13 23:00
17984,IN,0,NA,Brent,L,Zhang,NA,2,NA,FABECBCD-9A80-4193-95C4-C6AE574C3CCF,04-04-13 22:00
3713,IN,0,NA,Lauren,NA,Ward,NA,0,NA,BFA68A55-59BD-4E6B-B2E1-6CADDCF1197B,12-11-13 23:00
1379,SC,0,Ms.,Kimberly,N.,Malmendier,NA,0,NA,6FEF2768-5E92-4FE7-B94E-3AC5E492E2A4,29-06-13 22:00
5313,IN,0,NA,Eric,NA,Wang,NA,2,NA,F46E4CD1-BB16-4922-9137-DEA2DAA9D23A,30-11-13 23:00
4456,IN,0,NA,Nina,NA,Rai,NA,1,NA,86220D94-E498-400C-A74D-2305E39575CC,06-03-14 23:00
2927,IN,0,NA,Katherine,L,Bailey,NA,1,NA,555D1559-3351-43A2-9B2B-9F0629615312,24-09-13 22:00
6515,IN,0,NA,Steve,A,Lin,NA,2,NA,245B510A-F679-4002-B69E-88095E044A18,01-02-14 23:00
20190,IN,0,NA,Alyssa,L,Jenkins,NA,2,NA,CA152F0B-6CDF-4104-A1BA-EB7645AF6BED,05-10-13 22:00
2406,IN,0,NA,Laura,S,Guo,NA,0,NA,5191B92D-3EF5-43AB-B8AB-6B9BA4F03C9B,11-11-13 23:00
6835,IN,0,NA,Neil,NA,Gomez,NA,0,NA,874AA444-8907-4A6D-8F18-62F75575BF84,13-03-14 23:00
11851,IN,0,NA,Gerald,C,Rana,NA,0,NA,AB32D3A5-AEC0-4CB8-A985-4915AFDF1E38,02-08-13 22:00
575,SC,0,Mr.,Ovidiu,NA,Burlacu,NA,0,NA,B1BD6887-A5B7-4E1E-AEB8-A1F76A2F76F2,30-07-12 22:00
4097,IN,0,NA,Miguel,D,Clark,NA,0,NA,2F36893E-F249-4AAE-A3F5-9325A5F8E316,12-01-14 23:00
7269,IN,0,NA,Miranda,NA,Ross,NA,0,NA,0D37EB59-C813-494C-A9C1-1480781874D2,02-11-13 23:00
8640,IN,0,NA,Christina,H,Ward,NA,1,NA,08068CA3-6712-479F-97C2-570DAFB1BBB0,22-07-13 22:00
6812,IN,0,NA,Cassidy,NA,Wood,NA,2,NA,5A612973-3FCD-4290-8435-992D2A889905,16-01-13 23:00
7475,IN,0,NA,Isabel,S,Coleman,NA,0,NA,E0E9938E-0B9E-47C7-9F56-153ECD82C0A0,17-07-13 22:00
20443,IN,0,NA,Corey,T,She,NA,2,NA,3A71DCAA-2A65-4CD6-B450-56D7D67D67EB,19-06-12 22:00
8513,IN,0,NA,Zoe,A,Cox,NA,1,NA,65E5D632-E835-418A-AFE2-FB6203DCB3F4,10-12-12 23:00
19223,IN,0,NA,Brianna,NA,James,NA,0,NA,6F7D7524-4392-4B26-9A32-F9A2D43B1242,16-04-14 22:00
3103,IN,0,NA,Evelyn,D,Madan,NA,1,NA,A59AA0CC-BC33-4F5E-A0A4-417F4A94E7C0,05-10-12 22:00
7349,IN,0,NA,Melissa,NA,Bryant,NA,0,NA,2BDAB1C2-041F-48A8-9454-5A4C70FB3C33,03-04-14 22:00
525,SC,0,Mr.,Walter,J.,Brian,IV,1,NA,881E3408-CE51-4665-B800-9A5ACF9377FD,30-07-12 22:00
13198,IN,0,NA,Antonio,M,Jenkins,NA,0,NA,F3539C7A-5948-4A98-8B20-82F788933CE5,23-02-14 23:00
11683,IN,0,NA,Megan,NA,Thomas,NA,0,NA,F009B16A-1906-442F-B17F-CA3148112BC6,15-10-13 22:00
13454,IN,0,NA,Colin,NA,Zhu,NA,0,NA,D0A1664E-68D7-4397-A759-CB003121A20B,24-08-13 22:00
4403,IN,0,NA,Melvin,J,Rai,NA,0,NA,8768F224-8058-4AFA-97B7-0137E6B508F0,26-05-13 22:00
2372,GC,0,NA,Luis,NA,Bonifaz,NA,0,NA,A1D10E0B-AA2E-4534-B0F9-9BDC3D791497,18-02-09 23:00
12403,IN,0,NA,Samantha,NA,Walker,NA,0,NA,416CA622-0AD8-4375-B1CC-023CE3B4860E,21-08-13 22:00
17187,IN,0,NA,Naomi,A,Martin,NA,0,NA,575B11F5-0118-488F-9ABF-1BBFE205098C,03-08-13 22:00
16778,IN,0,NA,Eric,NA,Green,NA,0,NA,87F1B306-6E7B-46C1-9A8D-4D60E03F6D22,24-10-13 22:00
20392,IN,0,NA,Julia,L,Henderson,NA,2,NA,74D041DA-F7D8-4BB8-B84F-C77270AF29F2,17-09-13 22:00
14967,IN,0,NA,Randall,F,Romero,NA,1,NA,9859A7B1-5760-4A97-B2CE-225F210FD594,07-02-13 23:00
36,EM,0,NA,Jose,R,Lugo,NA,2,NA,54655E98-B81A-4041-8FA4-9349C018521F,02-02-09 23:00
845,SC,0,Ms.,Carla,L.,Eldridge,NA,0,NA,9F63941A-82F2-4254-857C-D69880AA99BC,30-06-11 22:00
16879,IN,0,NA,Russell,NA,Raji,NA,0,NA,A7E3C5E1-EA73-4AA9-98BA-1A729B29A080,11-09-13 22:00
4303,IN,0,NA,Devon,L,Tang,NA,1,NA,76645755-3F4D-4EB3-AFC2-86728FED3075,16-03-14 23:00
11797,IN,0,NA,Victoria,B,Brown,NA,0,NA,49949E7F-2DA8-4267-8D9A-FD25B2273FB0,02-07-13 22:00
865,SC,0,Ms.,Julie,P.,Estes,NA,2,NA,1E1EC6E1-A1D5-4BCA-9C9E-208AECD6C313,30-12-12 23:00
118,EM,0,NA,Don,L,Hall,NA,0,NA,F369194E-2FF0-4E61-97A7-B821F8B2BAED,05-02-09 23:00
4589,IN,0,NA,Alvin,NA,Sun,NA,2,NA,A4F50141-DD45-4AB8-8CA9-A806995BCCD4,29-10-11 22:00
8060,IN,0,NA,Jade,P,Sanders,NA,1,NA,B54DFEB7-E626-40D3-A9F4-C36E0A3A9457,12-04-14 22:00
7898,IN,0,NA,Levi,NA,Chandra,NA,0,NA,27F65C14-4CB6-4A46-8B40-A370EE69AA01,06-04-14 22:00
2199,GC,0,NA,Debra,NA,Keiser,NA,2,NA,EEB28FC8-24E7-47C1-A52F-0280A9A851F1,08-01-09 23:00
5868,IN,0,NA,Gabriel,NA,Diaz,NA,0,NA,B03485D9-A937-4F12-8294-77F616CCD51C,17-09-11 22:00
17381,IN,0,NA,Krystal,S,Guo,NA,0,NA,5F86D1F5-9B15-4866-AE7C-CCA907B7A862,14-07-13 22:00
17307,IN,0,NA,Noah,L,Thompson,NA,0,NA,1734A516-0B33-44CC-84AD-D0F12C5BDCB0,24-04-14 22:00
5538,IN,0,NA,Caleb,D,Coleman,NA,0,NA,870D938A-73C2-4E21-81DD-04F367DC5A0C,21-01-14 23:00
10094,IN,0,NA,Mary,M,Hill,NA,0,NA,D2020732-85D1-415F-B014-10BA81E593A1,14-11-13 23:00
4003,IN,0,NA,Jeremiah,D,Martinez,NA,1,NA,08F8BFC4-612D-402A-98B3-2F9832B49018,10-06-11 22:00
15404,IN,0,NA,Ian,D,Rogers,NA,1,NA,0CC7E681-BE9C-49E5-872E-C54B17410014,28-05-14 22:00
11036,IN,0,NA,Joe,NA,Martin,NA,2,NA,A4F4D628-B6FD-44E2-A8F4-7D5A4CAC9C84,03-02-13 23:00
10702,IN,0,NA,Alexandra,B,Jones,NA,0,NA,CDC1199A-F82F-4FA0-A5E7-E106727A8F97,09-05-14 22:00
15205,IN,0,NA,Teresa,E,Navarro,NA,2,NA,CAF2A62E-9466-4439-9906-5CC84AC85D4A,29-12-13 23:00
11850,IN,0,NA,Emma,K,Williams,NA,0,NA,C35C7001-5B52-41CE-9850-21AF502FBF8D,11-03-14 23:00
18449,IN,0,NA,Larry,E,Blanco,NA,0,NA,59D066E3-CA9F-42C3-8689-8A51EA0D86EA,08-06-12 22:00
18013,IN,0,NA,Brent,E,Gao,NA,0,NA,8FC39B92-50D0-4EAA-B428-EFF13EFD4E34,22-10-13 22:00
4415,IN,0,NA,Nina,NA,She,NA,0,NA,9B7A3EBB-10D3-4271-ADCC-01D408D847C6,04-11-12 23:00
343,SC,0,Mr.,Michael,NA,Allen,NA,2,NA,FA93C578-2A25-4820-AA5D-E2437CC24C59,30-06-11 22:00
20382,IN,0,NA,Shawn,E,Jai,NA,2,NA,5AFFB3AC-B159-4C92-8F83-D8BA542EE60A,13-05-14 22:00
3089,IN,0,NA,Evelyn,W,Patel,NA,2,NA,2E878D51-B329-409D-947D-B827C00952BC,31-01-14 23:00
7941,IN,0,NA,Levi,NA,Gonzalez,NA,1,NA,1571A381-A6C7-4C09-8DFA-0EDA3A08370F,16-10-11 22:00
5752,IN,0,NA,Kyle,C,Washington,NA,2,NA,4E510BFF-5038-4DEF-B33E-6AFCBAABBE3C,30-11-11 23:00
3942,IN,0,NA,Abigail,L,Peterson,NA,0,NA,72BB6AFC-E7A3-48A7-8FC9-509BA3396CF1,17-04-14 22:00
5112,IN,0,NA,Luke,NA,Alexander,NA,0,NA,DFCD8F5C-A8F1-4065-9CF1-CEC98C2D54EB,17-06-13 22:00
8914,IN,0,NA,Gilbert,L,Sun,NA,0,NA,0D79265F-3728-4C9F-A2FE-179EECFF7759,25-07-13 22:00
4614,IN,0,NA,Kate,L,Nara,NA,0,NA,3D2EEC40-FE5B-4F3F-A0F3-5D5B4EF9A139,07-06-13 22:00
15772,IN,0,NA,Jordan,NA,Collins,NA,2,NA,3A02D44E-9EA2-4416-AC63-B6058BE992F8,04-07-13 22:00
14287,IN,0,NA,Devin,A,Ross,NA,1,NA,BCFAF2D9-A04C-4CA8-A013-3EAC0E035008,03-01-14 23:00
12,EM,0,NA,Thierry,B,D'Hers,NA,2,NA,FA263C7F-600D-4E89-8DCD-0978F3530F5F,03-12-07 23:00
15339,IN,0,NA,Ian,A,Morris,NA,0,NA,63D77342-86C0-4D31-9142-FFF56CBB7D13,13-07-11 22:00
15232,IN,0,NA,Teresa,F,Ortega,NA,2,NA,DADA9528-E4CB-4DDA-ABE3-911AD19732ED,16-02-14 23:00
4267,IN,0,NA,Edward,A,Young,NA,1,NA,0C7B9099-B4A5-48B0-8063-A6242074F647,09-04-14 22:00
16142,IN,0,NA,Jonathan,D,Campbell,NA,0,NA,61C7D24A-85A7-4B9E-933D-CD64956748A1,19-05-12 22:00
723,SC,0,Mr.,John,L.,Colon,NA,0,NA,23030320-BA4C-47BA-A202-1D241D26EB83,31-07-11 22:00
10523,IN,0,NA,Kari,L,Perez,NA,0,NA,F096DAF0-0FAF-460D-A2CA-3AA696D611BB,11-06-14 22:00
7162,IN,0,NA,Mallory,NA,Romero,NA,2,NA,C4900579-099D-47F5-8D58-48921B175A3A,20-11-13 23:00
5016,IN,0,NA,Eduardo,NA,Anderson,NA,1,NA,75191ABF-C309-4613-BA5E-CE9BD5E2640E,29-06-13 22:00
15639,IN,0,NA,Jimmy,E,Munoz,NA,1,NA,9621C0A0-D4E7-40DE-B3AB-8FFFBCD73BC2,08-01-14 23:00
5419,IN,0,NA,Jake,G,Zhu,NA,2,NA,EE38D120-361B-4B93-AFE6-638D5269E61D,17-03-14 23:00
9966,IN,0,NA,Gabriella,NA,Carter,NA,2,NA,54090742-7DDB-4007-99F6-A9F95078AF70,02-08-13 22:00
9777,IN,0,NA,Alexandra,G,Parker,NA,1,NA,7C084C1A-1FBB-44EB-ABE8-95FCC56FD218,14-03-14 23:00
16768,IN,0,NA,Candice,J,Zimmerman,NA,0,NA,5BFB9031-5CB5-47A7-9222-95277053F028,17-02-13 23:00
1349,SC,0,Mr.,Spencer,NA,Low,NA,0,NA,07F3859D-4B0D-46A7-8876-38DAB0B60FDA,30-06-11 22:00
2322,GC,0,NA,Manoj,NA,Syamala,NA,0,NA,31058B69-9435-4743-98F9-996ACCA2E30C,30-12-08 23:00
10984,IN,0,NA,Sydney,K,Young,NA,0,NA,7125ED8D-0425-4391-962E-A97138076E49,20-04-13 22:00
6151,IN,0,NA,Daisy,L,Blanco,NA,0,NA,0FB4B505-1339-4F09-BEAD-3E062A431133,26-06-14 22:00
18564,IN,0,NA,Kathleen,E,Munoz,NA,0,NA,6D0E6794-DC89-49CF-9D46-ED1DB6EE9136,15-06-14 22:00
5124,IN,0,NA,Karl,V,Xie,NA,0,NA,5F3EBB8A-CE70-4C6A-9AD6-E4C749BB2382,17-11-13 23:00
12070,IN,0,NA,Petr,NA,Lazecky,NA,1,NA,55ED0D80-E993-485E-A0A7-415BD32F88B4,10-07-12 22:00
2391,IN,0,NA,Laura,NA,Wu,NA,0,NA,D2535AEE-7780-4CAC-9737-5D23895FD5B5,19-04-12 22:00
1431,SC,0,Ms.,Christinia,A.,McDonald,NA,1,NA,55270F25-C806-4C69-90A5-76F5FB9B3E30,29-08-13 22:00
15834,IN,0,NA,Cole,L,Stewart,NA,0,NA,9BDD87D3-81E5-488C-9D02-0989E7DC87CD,13-06-12 22:00
14865,IN,0,NA,Garrett,NA,Howard,NA,2,NA,FA5AE5CE-BB96-4237-A294-641DD9C65C8C,01-05-14 22:00
15482,IN,0,NA,Diane,S,Moreno,NA,0,NA,9FA86C8F-E892-41A9-A571-2F3F49D928DE,04-10-13 22:00
9305,IN,0,NA,Grant,A,Nath,NA,0,NA,CBB04CB8-A70C-4119-8B6E-78BD132419BE,07-11-13 23:00
11277,IN,0,NA,Ruben,B,Vazquez,NA,1,NA,363A4E8F-65A5-4693-BA10-C13DA86CAB37,31-01-13 23:00
587,SC,0,Mr.,Richard,A.,Byham,NA,2,NA,DEC2779C-1BC9-493B-B050-7F5E67BADE01,30-07-13 22:00
9064,IN,0,NA,Caitlin,D,Rogers,NA,0,NA,90AE563F-5B6B-4A6C-9BE5-01B025E65F59,10-08-13 22:00
8570,IN,0,NA,Christina,NA,Howard,NA,0,NA,9D1BAABF-D9D8-4D0F-A179-4380437C3E6B,26-09-13 22:00
5373,IN,0,NA,Elijah,L,Yang,NA,1,NA,3C5E9354-8BF7-4D80-9A33-8D5091740BF9,30-01-12 23:00
4375,IN,0,NA,Xavier,M,Smith,NA,0,NA,D0C38BAB-14A5-4BFB-8235-D3BB3148927B,01-05-14 22:00
5718,IN,0,NA,Jessie,R,Ramos,NA,1,NA,DC8310A1-DDE1-43FC-91A8-2E52B08C2F6B,08-02-12 23:00
18345,IN,0,NA,John,NA,Jackson,NA,1,NA,86F5682C-FF40-48F5-AA76-741C10E4F61A,25-09-13 22:00
19384,IN,0,NA,Victoria,J,Reed,NA,0,NA,02987282-2E81-4F9C-B792-129BAEBFD1C2,14-06-13 22:00
158,EM,0,NA,Shelley,N,Dyck,NA,0,NA,77B7F905-5028-491C-A1DC-80087AAC7817,27-02-09 23:00
10196,IN,0,NA,Darren,NA,Sanchez,NA,1,NA,95410943-4CF3-448A-8906-0FE35F5B12CF,05-07-13 22:00
13088,IN,0,NA,Louis,A,Kumar,NA,0,NA,CD72801F-07DC-4C4C-A988-A0BE47B1707E,10-10-11 22:00
7190,IN,0,NA,Meagan,NA,Patel,NA,0,NA,535FB725-0705-465E-A944-5F83DD3E3489,27-07-13 22:00
16653,IN,0,NA,Alison,NA,Jai,NA,2,NA,FEBB25B4-A6B5-4D37-9BE5-2B257DCE9920,16-03-14 23:00
15874,IN,0,NA,Allen,L,Rodriguez,NA,1,NA,E57EAFE5-3E68-4871-9873-4DDC7B685731,06-09-11 22:00
5165,IN,0,NA,Jordan,NA,Griffin,NA,0,NA,7FCA374D-ACB2-4F1A-BC77-61D871CD2243,11-07-13 22:00
9187,IN,0,NA,Ariana,NA,Cook,NA,0,NA,405C2983-B138-474F-A065-FB58199C3BBC,05-02-12 23:00
6141,IN,0,NA,Robert,L,Coleman,NA,0,NA,0D05C85C-BCEB-493D-8EA0-D1B2DD22EB9B,11-02-14 23:00
10053,IN,0,NA,Hailey,M,Perez,NA,0,NA,7F20F7E0-3BB0-45DC-9AD8-AA3CDFBFBCAF,29-06-12 22:00
16090,IN,0,NA,Kristopher,NA,Chandra,NA,2,NA,2A31B56E-4F31-4263-A5DF-90CF180376C0,13-04-14 22:00
20589,IN,0,NA,Kristin,C,Rai,NA,2,NA,040DDB76-E0F7-44DC-9BD9-E9F754502903,20-12-13 23:00
3830,IN,0,NA,Fernando,NA,Smith,NA,1,NA,2814D32B-17E2-4EF5-8389-714FEFE400D0,05-10-12 22:00
2532,IN,0,NA,Isabella,NA,Ross,NA,0,NA,B937503C-2EA7-4A70-A472-AC3135A40919,20-12-12 23:00
10500,IN,0,NA,Kari,NA,Raman,NA,0,NA,5020F7D3-6F26-425F-87D4-DEF5E76822E1,27-02-13 23:00
6128,IN,0,NA,Latasha,NA,Alvarez,NA,0,NA,2D0D49C7-8EFD-448C-97BC-49D3D4A96BB9,29-05-12 22:00
16994,IN,0,NA,Logan,NA,Hernandez,NA,2,NA,6E3C82CE-B4D0-4238-B816-91B9554FF94D,06-06-12 22:00
2936,IN,0,NA,Katherine,NA,Ward,NA,0,NA,89D863A0-13F5-48AE-B29B-CC229CF09512,10-05-14 22:00
5913,IN,0,NA,Elijah,P,Griffin,NA,2,NA,C4C2C767-0979-4323-875F-FE4012B505D6,05-11-13 23:00
8915,IN,0,NA,Cassie,NA,Nath,NA,2,NA,7A08B658-E9D2-4FC0-B902-BFC4FF04A870,21-06-12 22:00
17227,IN,0,NA,Terry,R,Yuan,NA,0,NA,D7942E3E-743C-445E-8115-C6FF06058A2E,21-12-12 23:00
155,EM,0,NA,Fadi,K,Fakhouri,NA,2,NA,3EF14439-76B4-4086-BE8D-0A03A6694425,27-12-08 23:00
5163,IN,0,NA,Jordan,NA,Alexander,NA,0,NA,3B6DB746-1B0B-457D-B832-EAEF50FEE493,07-07-13 22:00
10786,IN,0,NA,Sydney,C,Rodriguez,NA,0,NA,101DF1D3-EA18-47B5-8EAD-B408139B1160,14-03-14 23:00
15377,IN,0,NA,Brenda,L,Fernandez,NA,1,NA,36D0C41C-70CF-4B7E-BA0E-42A102940DB5,14-06-11 22:00
20198,IN,0,NA,Alyssa,C,Patterson,NA,2,NA,AA2055C5-E769-4CE2-9116-7E92EF7BD1A0,26-09-13 22:00
9117,IN,0,NA,Andrea,D,Reed,NA,1,NA,4CA75142-64F2-4CBE-9F7F-37FFB5180136,12-04-14 22:00
15478,IN,0,NA,Nancy,NA,Fernandez,NA,0,NA,83C9EF18-9635-4093-948C-5E2564D01FDE,28-12-13 23:00
4747,IN,0,NA,Ian,C,Adams,NA,0,NA,6F5AE21E-6DC5-40C0-BE2E-7AF27699E636,15-03-14 23:00
12896,IN,0,NA,Aidan,NA,Wood,NA,1,NA,85801B30-98AB-4517-89C6-A6840CE5E6A4,14-02-12 23:00
8540,IN,0,NA,Angela,NA,Cox,NA,1,NA,ACE23885-36C0-400C-BE0F-19CBC9E390B3,20-11-11 23:00
14806,IN,0,NA,Charles,K,Cox,NA,0,NA,D143D294-51B9-442D-8E62-DDC860EBB007,12-04-14 22:00
13989,IN,0,NA,Seth,NA,Russell,NA,0,NA,6005E16B-D172-45B1-9C02-2C4B51E3664C,11-04-13 22:00
3962,IN,0,NA,Abigail,NA,Jenkins,NA,0,NA,4FB0AFB7-6045-465A-BE81-30395A49FEAC,29-10-12 23:00
270,EM,0,NA,Fran<e7>ois,P,Ajenstat,NA,0,NA,83605AF8-6496-4362-BE19-20F2EC7114BA,09-01-09 23:00
14256,IN,0,NA,Adrian,NA,Sanders,NA,0,NA,C37E26B2-6089-4D56-BF47-316A3E4FD2C0,24-03-13 23:00
9007,IN,0,NA,Zoe,J,Morris,NA,0,NA,0B6EE62B-2A4D-4B87-9AB0-762E847407A8,21-01-14 23:00
16154,IN,0,NA,Robert,NA,Campbell,NA,0,NA,B32C358F-C414-4A2A-A4B4-A2652E2CD871,04-10-11 22:00
6914,IN,0,NA,Brandon,D,Gonzales,NA,1,NA,464E8D74-F0B3-4718-83DF-D64D42B67C98,21-11-11 23:00
14492,IN,0,NA,Sheila,C,Moreno,NA,0,NA,DB933422-C7BA-4CF7-AC84-BB4ED373AF8E,27-06-13 22:00
10764,IN,0,NA,Sydney,NA,Anderson,NA,0,NA,698FF44A-1878-45A5-9771-1E0B8D9B9437,05-03-14 23:00
18696,IN,0,NA,Jacob,K,White,NA,1,NA,D89065F6-BBFA-45F8-8A2E-AF1B9A878738,21-09-13 22:00
20679,IN,0,NA,Morgan,S,Richardson,NA,1,NA,CC80AD17-ED6A-4C9C-9158-C053CDE5391E,02-11-12 23:00
8423,IN,0,NA,Michele,R,Nara,NA,0,NA,09E4F6EA-2303-4620-B567-7C1CE2CE7C98,16-11-13 23:00
7132,IN,0,NA,Adrienne,L,Ramos,NA,0,NA,EBFA8C75-2403-4AC3-9D11-46CAEC406155,01-08-13 22:00
20061,IN,0,NA,Donald,V,Perez,NA,0,NA,192721B1-212A-4EA1-9EC4-13E26F8DE581,06-12-13 23:00
18703,IN,0,NA,Jacob,NA,Martinez,NA,0,NA,AF13E110-F955-48E3-9B85-38C7014D6D7E,28-07-13 22:00
10305,IN,0,NA,Katelyn,W,Adams,NA,0,NA,CD1BD2B3-682B-469A-82B1-A1B3EB1C7900,17-07-13 22:00
10831,IN,0,NA,Bruce,NA,Gonzalez,NA,0,NA,C05732C3-4EE1-48A9-9525-A4BB6439024D,01-06-14 22:00
14757,IN,0,NA,Xavier,NA,Richardson,NA,2,NA,6AF6AB91-B98F-49DC-B6FB-F344D16A5B36,04-07-13 22:00
4052,IN,0,NA,Jeremy,NA,Campbell,NA,0,NA,3FD9B299-B6F6-474F-B015-E8534A9831C8,19-08-13 22:00
15881,IN,0,NA,Johnathan,E,Suri,NA,1,NA,584A2A75-97AC-4E40-8D97-30D7AB512930,22-12-12 23:00
8834,IN,0,NA,Sara,F,Bailey,NA,0,NA,20328B5F-5762-41C7-A218-03B6C3D943BB,17-12-13 23:00
18012,IN,0,NA,Ryan,NA,Robinson,NA,0,NA,0F020043-844C-456D-A61E-3E513D1C10CF,13-12-13 23:00
17044,IN,0,NA,Elijah,NA,Hernandez,NA,1,NA,E8091839-E239-45DD-B861-D2F241AB8FDC,28-02-13 23:00
9638,IN,0,NA,Ebony,A,Srini,NA,0,NA,4FCF470C-BE7E-4FEB-BD82-6A6F55A19827,11-02-13 23:00
11228,IN,0,NA,Marshall,M,Zeng,NA,2,NA,5AF40695-7522-46C3-8B00-E7488645EF09,30-04-12 22:00
51,EM,0,NA,Jeffrey,L,Ford,NA,0,NA,293DF609-2FA3-4C00-A891-ACE08661FE70,12-02-08 23:00
837,SC,0,Mr.,Bart,NA,Duncan,NA,1,NA,8606A98E-A480-412A-98AA-6CE99295D9B1,29-06-13 22:00
17757,IN,0,NA,Susan,C,Ye,NA,1,NA,C53B0BFF-4BD0-4286-8D76-5D252694290A,01-07-13 22:00
17095,IN,0,NA,Shaun,NA,Jai,NA,2,NA,7EE02A16-5124-46A4-92A3-95C24E0C8186,17-02-14 23:00
11780,IN,0,NA,Damien,NA,Xu,NA,0,NA,71A079C0-0C91-4D77-8779-5E051E6A5FC9,23-02-14 23:00
4697,IN,0,NA,Ian,B,Miller,NA,0,NA,37829EEF-0B63-4A32-8D80-840A5052FBB1,10-12-13 23:00
16321,IN,0,NA,Gloria,NA,Diaz,NA,1,NA,7C94CE54-3D80-4BBC-80F2-B42B7543A2EF,02-07-11 22:00
6649,IN,0,NA,Justin,W,Jai,NA,0,NA,7D8DEC58-D812-41C9-A0F0-E70EA3FF5ECF,24-06-14 22:00
15507,IN,0,NA,Chase,L,Cook,NA,0,NA,19F4777E-D748-419F-A21A-467D3A6EA4B2,25-09-13 22:00
2311,GC,0,NA,Shaun,NA,Beasley,NA,1,NA,6849058F-99C1-4775-9153-B866F5006A7B,25-12-08 23:00
14561,IN,0,NA,Cole,E,Ramirez,NA,0,NA,BB54A50A-62BD-47A4-930A-B9F978D3415B,13-12-12 23:00
4155,IN,0,NA,Blake,S,Taylor,NA,0,NA,FFCF24C7-B3EF-41C0-9ED3-EB5E6DCD12CE,02-01-13 23:00
9299,IN,0,NA,Sierra,NA,Evans,NA,2,NA,344325D0-0315-4108-AB4F-CCE4936128A7,12-11-13 23:00
16480,IN,0,NA,Misty,NA,Nara,NA,0,NA,BDF294E8-3B62-45AB-B3A5-85605B2961C7,06-11-13 23:00
16538,IN,0,NA,Isaac,NA,Mitchell,NA,0,NA,E2939431-AD96-4D91-BC71-EAE627BCD784,06-09-13 22:00
11320,IN,0,NA,Grace,A,Thompson,NA,2,NA,DA8F39F7-A08C-40B8-A770-09D3B324D73F,18-07-13 22:00
17188,IN,0,NA,Tony,S,Pal,NA,0,NA,31E17BEF-81D6-4FA4-A60F-5D10E929E85D,22-11-12 23:00
6584,IN,0,NA,Reginald,NA,Vazquez,NA,1,NA,8688EF14-61B0-4127-9AD6-115EAE54557B,21-05-14 22:00
8788,IN,0,NA,Priscilla,J,Pal,NA,1,NA,6CDEF025-ECBE-4850-BDA7-531BA1E0650D,21-08-12 22:00
16155,IN,0,NA,Molly,C,Mehta,NA,1,NA,E87F1127-4750-4065-8DAD-892821DC1D0B,21-01-14 23:00
14005,IN,0,NA,Bryce,NA,James,NA,0,NA,DFD0DD7A-DC76-4237-BDD3-AAE1E4F509C4,15-02-14 23:00
5362,IN,0,NA,Jackson,S,Wang,NA,1,NA,36C88F62-7D80-4674-961B-C81FD34EBED4,07-05-14 22:00
16448,IN,0,NA,Isaiah,NA,Carter,NA,0,NA,3B8A8CA2-39E2-4DCE-981E-7DCA7D7C4887,10-05-13 22:00
5550,IN,0,NA,Caleb,M,Hughes,NA,0,NA,BF551728-E8E5-4B02-919E-0E53E85AB287,21-08-13 22:00
14881,IN,0,NA,Lucas,A,Howard,NA,0,NA,89BBBC61-65C4-4398-83C8-1B2876B61765,17-11-12 23:00
11695,IN,0,NA,Pedro,A,Moreno,NA,0,NA,A986A2E7-C5D4-422C-8FBA-10549959C44E,24-10-11 22:00
2462,IN,0,NA,Jamie,NA,Guo,NA,2,NA,7E1DA341-D170-4BA7-800D-36F34F5A605B,01-03-12 23:00
5481,IN,0,NA,Jessie,NA,Munoz,NA,0,NA,D7E92C5E-90BE-415D-925C-E8E9AFDF37D0,20-05-14 22:00
2394,IN,0,NA,Laura,D,Zhou,NA,0,NA,29B242B2-B932-41EF-83B1-CA276480EE9B,19-07-12 22:00
7360,IN,0,NA,Riley,NA,Bradley,NA,0,NA,90D0BD76-A9E6-4765-9404-C2315F90DF9B,29-03-14 23:00
9570,IN,0,NA,Katelyn,NA,Roberts,NA,0,NA,11A45825-A43B-4C37-AD6F-E514DCFC1405,27-07-13 22:00
6025,IN,0,NA,Audrey,NA,Gutierrez,NA,0,NA,73AE13C7-C241-4649-9557-6EB988713789,02-01-13 23:00
5420,IN,0,NA,Jake,A,Gao,NA,1,NA,B6F23892-3A33-4717-AED9-0095E60BE511,21-11-13 23:00
13245,IN,0,NA,Carson,NA,Powell,NA,0,NA,311580F6-EF06-4A50-96E9-DAED18EE1D71,02-05-14 22:00
9589,IN,0,NA,Kristi,D,Romero,NA,0,NA,0159B254-39DE-45D9-9D1D-9F1A49713440,17-08-13 22:00
19730,IN,0,NA,Rachel,NA,Kelly,NA,0,NA,C0B827F3-3743-4BC4-BEFD-4717C5EA94CF,14-12-13 23:00
2077,VC,0,Mr.,Eugene,NA,Zabokritski,NA,1,NA,CC1EF523-6AC9-47AC-9951-DA598111DF2F,24-04-11 22:00
19484,IN,0,NA,Raymond,A,Rodriguez,NA,0,NA,30E69B8C-D078-46F0-9690-2F6A4DB95AF4,30-09-13 22:00
18249,IN,0,NA,William,NA,Thompson,NA,0,NA,BD33FE98-A478-4C4D-8F6C-5B784C76E40E,24-08-13 22:00
19492,IN,0,NA,Emma,G,Cook,NA,2,NA,AE3403DA-A4AF-4460-97CF-6EC6D0D40538,25-10-12 22:00
6720,IN,0,NA,Benjamin,NA,Gonzales,NA,2,NA,FA11EA36-3D49-4BE8-83E3-D4241730E92A,26-06-13 22:00
11614,IN,0,NA,Barbara,NA,Chande,NA,2,NA,AACA6BCF-3851-4E2F-A058-A82932E0345E,30-12-12 23:00
3094,IN,0,NA,Stephanie,NA,James,NA,0,NA,A2A512A6-E110-4428-9F44-AC7330F02171,14-03-14 23:00
4852,IN,0,NA,Charles,NA,Taylor,NA,0,NA,49B4EDF1-8D81-4AAA-8850-01149FA37E29,01-08-11 22:00
11139,IN,0,NA,Kaitlyn,NA,Harris,NA,0,NA,0D73FDCA-A04A-45B9-AEFF-3B5F87E70608,03-09-13 22:00
19558,IN,0,NA,Monica,J,Mehta,NA,0,NA,110A680E-AB0B-4496-BB0C-A3F6B0127C91,03-11-11 23:00
17247,IN,0,NA,Kevin,NA,Lopez,NA,1,NA,15A1C5D7-57CC-4373-8229-56DF46B06C05,08-12-13 23:00
19432,IN,0,NA,Douglas,NA,Subram,NA,1,NA,761E529F-F6BF-490C-86CA-E419F8CEAAF0,09-04-13 22:00
11966,IN,0,NA,Kayla,NA,White,NA,1,NA,5691849F-4624-4DE2-AEEC-AFAE65570D57,02-08-13 22:00
4798,IN,0,NA,Bianca,C,Gao,NA,2,NA,FAADC967-1B72-4590-A5ED-8616107DD775,09-11-12 23:00
10489,IN,0,NA,Natalie,L,King,NA,1,NA,45345974-2CC0-4728-A37D-F86B280465AA,18-12-13 23:00
5849,IN,0,NA,Gabriel,NA,Washington,NA,0,NA,9FD74C65-F1E3-4B24-8471-7F562CB7D22D,04-04-14 22:00
20552,IN,0,NA,Kaitlyn,J,Rogers,NA,0,NA,AF92889C-71AF-45AD-86BF-2B52983BD04F,14-04-14 22:00
775,SC,0,Sr.,Alvaro,NA,De Matos Miranda Filho,NA,1,NA,F5C85E68-C674-4DDE-A7BF-583F08B1936A,30-07-12 22:00
15865,IN,0,NA,Noah,NA,Perez,NA,0,NA,FF5AC74B-0492-4723-9225-F58A47A08BB4,06-06-14 22:00
2466,IN,0,NA,Jamie,L,Zheng,NA,0,NA,0D82B830-591D-472C-B59D-E059231036D1,05-08-13 22:00
10852,IN,0,NA,Bruce,NA,Ashe,NA,0,NA,3B80CA0E-233C-426B-AE74-5B707C39BD5E,09-09-12 22:00
3581,IN,0,NA,Shawna,W,Pal,NA,0,NA,39A065F5-2EE7-4853-A8B0-148D1F10B33C,22-09-13 22:00
4829,IN,0,NA,Cara,NA,Wang,NA,0,NA,41032881-0705-4F38-A9C9-115A3499A7FC,15-10-13 22:00
5428,IN,0,NA,Luis,NA,Henderson,NA,1,NA,F604B449-A9F4-4A48-B136-6D49D0FC589D,02-08-13 22:00
10256,IN,0,NA,Jay,F,Kapoor,NA,0,NA,9248A7A9-FC73-44EC-8AD8-4CCD8ED5209C,11-08-12 22:00
16236,IN,0,NA,Evan,E,Baker,NA,0,NA,03FD1D93-57E7-4F79-A0BA-9BB65A037183,29-06-14 22:00
14594,IN,0,NA,Micheal,T,Serrano,NA,0,NA,CBA665C5-73D6-47DE-800F-B4AE69576F7C,21-09-13 22:00
3163,IN,0,NA,Hailey,NA,Cox,NA,0,NA,C9DCDFEC-C712-4DA6-B061-4DF218D76C62,26-05-12 22:00
12980,IN,0,NA,Emily,A,Price,NA,1,NA,880FC0C8-E430-49D7-A5F5-6BA28B298161,24-05-14 22:00
14575,IN,0,NA,Marcus,A,Ramirez,NA,0,NA,995F34C2-9D02-4EEB-ABF1-29B73D012B8D,10-10-13 22:00
9989,IN,0,NA,Natalie,M,Mitchell,NA,0,NA,A276BFE8-B9DC-4AE5-B34D-BDAC9429F4F4,12-11-13 23:00
10531,IN,0,NA,Savannah,H,King,NA,1,NA,E640A7E7-95E6-4857-B7A0-43DFACED93D5,07-09-11 22:00
2659,IN,0,NA,Tiffany,K,Yang,NA,1,NA,C86A7776-1F95-4241-8AAB-27A5C1D4C127,07-06-12 22:00
6209,IN,0,NA,Christian,NA,Simmons,NA,0,NA,22FEA8C6-ACE0-43B1-8A37-995E7BE46DDF,12-03-14 23:00
7053,IN,0,NA,Jaime,C,Mu<f1>oz,NA,0,NA,AB61B221-3FBD-408C-A97D-95DCA26CD697,11-05-13 22:00
4050,IN,0,NA,Jeremy,E,Phillips,NA,2,NA,AEA3203B-8E65-4603-815B-0954210D2004,06-11-11 23:00
18626,IN,0,NA,Anthony,NA,White,NA,2,NA,DE3D77AA-EABE-436D-A7A5-AE07DDE6478A,22-07-12 22:00
4592,IN,0,NA,Richard,NA,Parker,NA,0,NA,D7F432C3-262C-45E0-B242-54AE4A9A41AD,03-12-11 23:00
1075,SC,0,Ms.,Geneva,T.,Hill,NA,2,NA,4A86A671-3CCA-49BE-8C73-78E514D66F2A,30-07-13 22:00
2016,SC,0,Mr.,Clay,M.,Warthen,NA,0,NA,831A02FB-7984-4F82-A025-2015711C542F,30-07-12 22:00
16593,IN,0,NA,Nathan,C,Green,NA,0,NA,10384DF6-1AF9-4657-BA53-E0B0038BBD68,23-01-14 23:00
8441,IN,0,NA,Gabriella,NA,Richardson,NA,0,NA,29E5E768-E968-4BBC-B928-2EC34FDDE05E,16-12-13 23:00
10548,IN,0,NA,Isabella,D,Wright,NA,2,NA,F4EC6EA8-7305-4FD0-8372-337E90694B87,07-12-11 23:00
18494,IN,0,NA,Tyler,NA,Williams,NA,2,NA,245F998C-C762-44AD-8FEE-4D1991FC3907,06-11-13 23:00
16312,IN,0,NA,Casey,M,Rai,NA,0,NA,C13ED9BB-ECC0-4F81-8516-4DBE24D5B2F2,12-09-12 22:00
13334,IN,0,NA,Julian,NA,Powell,NA,0,NA,A968F920-3AF8-4EEC-8990-DB8FC8C57D53,08-08-12 22:00
10373,IN,0,NA,Arturo,NA,Yuan,NA,2,NA,740F6348-5A11-454F-8482-F15446CBE863,10-12-13 23:00
17632,IN,0,NA,Cameron,D,Brown,NA,2,NA,3E4C665E-52E1-4F85-868A-EFB90C7DA1C8,03-09-13 22:00
11367,IN,0,NA,Rachel,J,Robinson,NA,1,NA,8C84038E-DE37-49CE-B541-CA28FE34D70C,06-07-11 22:00
16703,IN,0,NA,Jonathan,NA,Scott,NA,0,NA,12C9C238-4BF9-4741-9811-D01F5CE806C9,04-07-13 22:00
3407,IN,0,NA,Haley,A,Price,NA,1,NA,E65C7A6F-81FA-4BB7-935A-4EEA9297D104,05-02-14 23:00
20045,IN,0,NA,Destiny,A,James,NA,0,NA,4141F557-6706-4B74-846B-2F5A7B92130D,08-10-13 22:00
17755,IN,0,NA,Logan,C,Anderson,NA,1,NA,1CEEA6DD-C509-45E6-B71D-A7E4389D171E,05-07-13 22:00
8505,IN,0,NA,Sharon,NA,Xie,NA,0,NA,10D219A9-58DE-43B0-BD82-AC31C801DF80,11-09-13 22:00
12459,IN,0,NA,Sarah,N,Williams,NA,0,NA,81248090-161E-4E69-A206-96FF113A3278,03-11-13 23:00
2886,IN,0,NA,Sydney,M,Patterson,NA,0,NA,127AA4E5-F1A6-450D-A867-E43E0243F6AF,27-02-14 23:00
20138,IN,0,NA,Alyssa,M,Ward,NA,0,NA,59C22851-0565-4FA8-8F3E-4C236695BED3,16-06-14 22:00
16120,IN,0,NA,Kristopher,C,Gonzalez,NA,0,NA,935F834C-B147-4608-A610-C30FFD683BC7,10-01-12 23:00
20628,IN,0,NA,Kaitlyn,NA,Flores,NA,0,NA,C7A6B3F3-F4B4-4DA3-AB6F-41CB7DD2824C,30-05-14 22:00
9617,IN,0,NA,Jordan,B,Turner,NA,0,NA,7338CFA4-AC11-4BAC-B2C8-0B23100DDC32,22-07-12 22:00
14562,IN,0,NA,Jared,NA,Ramirez,NA,1,NA,18C8885B-FDD7-444A-9AB8-5F90DCC82FB8,02-02-14 23:00
8793,IN,0,NA,Priscilla,N,Raje,NA,1,NA,F699EEBE-4107-492C-8455-96CA179B49EF,26-08-13 22:00
8576,IN,0,NA,Bridget,NA,Kennedy,NA,1,NA,ACB687D0-5DB9-42BD-9AFF-74033470B1F2,28-01-14 23:00
17950,IN,0,NA,Abby,T,Raman,NA,0,NA,4D656B49-622F-41C0-A166-F8BCBA040D9F,10-03-13 23:00
1523,VC,0,Ms.,Dorothy,J.,Myer,NA,0,NA,DF46EA08-DFD7-45F9-9D33-1AC3F0678426,01-02-12 23:00
5360,IN,0,NA,Micah,W,Gao,NA,0,NA,D737B915-036D-4DE6-8AF5-D61C21C3106B,15-02-13 23:00
14572,IN,0,NA,Devin,NA,Ramirez,NA,0,NA,A3838E7B-B0CE-4EDD-939E-3835B6DE1BFF,14-11-13 23:00
1495,VC,0,Mr.,Jonathan,NA,Moeller,NA,0,NA,5707FDA4-1564-4650-9068-643DAC5F3A45,24-04-11 22:00
6433,IN,0,NA,Ramon,NA,He,NA,1,NA,96E64176-A6E8-422D-9B4E-CA3ABB408815,24-03-13 23:00
14398,IN,0,NA,Lee,NA,Jimenez,NA,0,NA,8DAEDDA1-1BAE-4F69-8254-931F729471AE,15-12-13 23:00
5268,IN,0,NA,Adam,NA,Lal,NA,0,NA,900DAABE-8370-40D6-843D-93813C1CAF2A,20-01-13 23:00
12876,IN,0,NA,Rafael,E,Andersen,NA,1,NA,0C328371-C0E8-4127-AC85-6DE29664DD96,23-09-13 22:00
7657,IN,0,NA,Angela,NA,Perry,NA,1,NA,C6FCD4B6-1676-45C1-81B3-A6B8890CBD45,06-02-12 23:00
19519,IN,0,NA,Emma,NA,Ramirez,NA,0,NA,215AAC81-7606-4C7D-A909-B07A16E621A1,25-05-14 22:00
17025,IN,0,NA,Ricardo,T,Goel,NA,2,NA,5A98F98C-6F04-4CBE-9256-96F4AB742AD8,31-05-12 22:00
6298,IN,0,NA,Cameron,A,Hughes,NA,0,NA,23CFD70D-2D75-4903-BD4A-9BFF07BAD48B,11-08-13 22:00
15425,IN,0,NA,Candace,NA,Subram,NA,0,NA,2FCCECA3-81EA-43FE-9023-5F6F3FC5A248,13-01-14 23:00
7334,IN,0,NA,Melissa,NA,Powell,NA,1,NA,287BFB61-2312-4BC3-ABF8-F0830083218F,29-09-13 22:00
10911,IN,0,NA,Arthur,NA,Prasad,NA,0,NA,CF984EA0-D804-41E1-8399-2DCFBC2A4225,18-02-13 23:00
7525,IN,0,NA,Isabelle,NA,Foster,NA,0,NA,3F765741-C1FF-4034-8FA0-EAE9C1647937,02-05-14 22:00
4540,IN,0,NA,Richard,NA,Garcia,NA,2,NA,E44B6DDB-FA7F-453F-AFC5-FDB6552DDC4A,04-01-12 23:00
10003,IN,0,NA,Madeline,NA,Mitchell,NA,0,NA,7711DC6E-3C3D-4BC2-8E9A-3F8BA0015F02,03-09-11 22:00
1597,VC,0,Mr.,Lionel,NA,Penuchot,NA,0,NA,33C0A355-14A1-4159-931D-17437219804E,23-12-11 23:00
2373,GC,0,NA,Kelly,NA,Focht,NA,0,NA,D75294F6-58EF-4554-BD21-C6336DC55F6E,29-11-08 23:00
4500,IN,0,NA,Dalton,NA,Scott,NA,0,NA,AF6C871C-6F9E-4BF4-AD94-195B1022DB6B,10-12-11 23:00
5228,IN,0,NA,Jack,NA,Jai,NA,0,NA,EB8F951A-FD71-4726-8240-DDE6F8A8EB1D,19-08-12 22:00
2944,IN,0,NA,Katherine,NA,Brooks,NA,2,NA,845A525B-7AF6-48DF-832A-2713023C7CC5,27-11-13 23:00
11166,IN,0,NA,Morgan,C,Williams,NA,0,NA,7DEBD1C0-8697-4714-800C-BDF6A0F2F71F,27-08-12 22:00
2254,GC,0,NA,Lorraine,NA,Nay,NA,2,NA,7A81C2B1-377A-4501-9B54-AC1148830B98,31-01-09 23:00
3265,IN,0,NA,Cedric,NA,Huang,NA,0,NA,130E490F-389C-405E-85E1-7BF86F1C645E,13-05-14 22:00
1441,SC,0,Ms.,Nellie,T.,Medina,NA,0,NA,6DFAC7EC-0A3A-432F-9CAF-691B7E1F3845,30-07-13 22:00
4218,IN,0,NA,Edward,NA,Smith,NA,0,NA,215C1979-0AED-4851-9AD4-71BD016814E6,25-03-14 23:00
771,SC,0,Mr.,Mike,NA,Danseglio,NA,0,NA,4DC82108-E043-418B-8A54-7F3D4E600C9B,29-05-13 22:00
16217,IN,0,NA,Connor,NA,Baker,NA,0,NA,92CC0B3A-06BE-4753-A4EF-463A5E0E1BC5,07-01-14 23:00
12784,IN,0,NA,Rafael,J,Wang,NA,0,NA,F36B81D2-96E3-4407-9B34-3DE9C03004DE,19-05-14 22:00
9205,IN,0,NA,Jade,C,Cook,NA,0,NA,ABFC0332-8955-4F2E-8E26-AC77703C3E1E,07-05-14 22:00
9453,IN,0,NA,Catherine,NA,Stewart,NA,0,NA,D23FB764-4D94-4047-ADA6-F2DC4EE5768B,08-10-13 22:00
16551,IN,0,NA,Kara,NA,Yuan,NA,1,NA,28EA1C70-5FA0-40D4-AFF0-33944D7D1A1E,25-01-14 23:00
8495,IN,0,NA,Mackenzie,A,Cox,NA,0,NA,433E05E8-11FF-4331-A04E-E9B03B698EEE,01-06-14 22:00
4567,IN,0,NA,Alvin,J,Xu,NA,1,NA,0C17E96A-98A7-43F9-B383-DE27ADE073AE,12-02-13 23:00
19874,IN,0,NA,Jasmine,A,Alexander,NA,0,NA,535E651E-94D0-4EA5-BF5D-35FFB221A3DD,29-06-14 22:00
7869,IN,0,NA,Michelle,H,Watson,NA,2,NA,EE09BFC7-37C7-4878-9170-6AD56FE361C3,11-03-13 23:00
8603,IN,0,NA,Paige,A,Howard,NA,0,NA,B9160FF5-0180-4FBC-BAAF-DA4C3416C44E,13-01-12 23:00
6292,IN,0,NA,Kristine,F,Alvarez,NA,0,NA,D210EB60-50CD-4D81-9E88-E01A2831EB4E,17-08-13 22:00
12768,IN,0,NA,Omar,G,Rai,NA,0,NA,4152CA27-3106-4392-A11A-673B4A866EED,22-03-13 23:00
11949,IN,0,NA,Warren,NA,Zhou,NA,0,NA,10D1CF67-E86F-4720-87D2-DA9D81BCFA97,07-02-12 23:00
19313,IN,0,NA,Olivia,NA,Richardson,NA,0,NA,3948D8E6-95E2-4D41-9833-A1BDA1695A79,21-09-12 22:00
14708,IN,0,NA,Patrick,A,Richardson,NA,2,NA,E4670E96-8686-45FC-ACB8-2E9D697C1BFE,15-10-13 22:00
12506,IN,0,NA,Alejandro,W,Liang,NA,2,NA,BA2745E9-2735-4A61-A717-000CE977B267,11-05-14 22:00
8752,IN,0,NA,Brooke,H,Bell,NA,2,NA,94302496-3E9E-4DC6-B878-D49E817B089B,08-12-13 23:00
18467,IN,0,NA,Brandon,J,Walker,NA,2,NA,FEBB3C32-AD27-419F-90D2-EC57705812D4,03-01-14 23:00
10841,IN,0,NA,Katherine,NA,Lewis,NA,1,NA,A8CDDB86-8903-4209-AC18-232B6AFFFB2A,10-05-14 22:00
2839,IN,0,NA,Jarred,NA,Martin,NA,1,NA,4C36F658-CA21-4D44-996C-07E26513AADC,22-07-13 22:00
8700,IN,0,NA,Gilbert,G,McDonald,NA,0,NA,8D244F78-1AEA-4A0D-A999-1A7A7F8FA12A,19-09-13 22:00
19744,IN,0,NA,Rachel,NA,Blue,NA,0,NA,12240176-BFE7-4DE1-BB4A-94F9FA2ECA2E,30-09-13 22:00
3444,IN,0,NA,Lydia,NA,Sara,NA,0,NA,F3D6E4BE-FAAE-426A-9476-FC8B60B77F68,22-08-12 22:00
11431,IN,0,NA,Jenny,M,Wagner,NA,0,NA,731628B5-76BD-4BDB-A323-A4DE12F71835,04-08-11 22:00
14360,IN,0,NA,Anne,A,Alvarez,NA,2,NA,4EB45193-A0CE-4024-8753-48762BC83ABC,13-07-13 22:00
13768,IN,0,NA,Monique,NA,Romero,NA,0,NA,E94B388A-6578-4B98-A18E-476A668F6EEA,21-03-14 23:00
12142,IN,0,NA,Kelli,G,Raji,NA,0,NA,3BB7E13D-02D7-467E-816A-BA1BC0FEB3B9,13-11-12 23:00
5786,IN,0,NA,Kyle,NA,Jai,NA,0,NA,87B846FC-E481-43BA-898E-5BE3D719D61A,16-11-13 23:00
14588,IN,0,NA,Carlos,NA,James,NA,0,NA,F7B36D5E-7BA2-450B-90CD-BA05C3700570,16-09-11 22:00
19079,IN,0,NA,Megan,M,Rogers,NA,2,NA,149D203E-C577-4E93-878C-5ED61E2DEA51,21-09-13 22:00
7742,IN,0,NA,Jacqueline,NA,Powell,NA,1,NA,E6B74862-A71E-4343-8C32-0F1843C5342D,23-01-12 23:00
4917,IN,0,NA,Devin,NA,Brown,NA,1,NA,48956254-32DD-43AA-9621-4E14AAB0FB2C,15-10-13 22:00
16221,IN,0,NA,Adam,NA,Baker,NA,0,NA,E7F2A97F-FF25-4594-AD39-BF238CA04158,11-04-12 22:00
823,SC,0,Mr.,Gerald,M.,Drury,NA,0,NA,7F0C126C-FA81-456D-A2E2-9DB418BF2D37,30-07-13 22:00
17253,IN,0,NA,Terry,D,Black,NA,0,NA,F17B7665-8DC0-4BC1-9317-9DB270338136,17-06-14 22:00
10971,IN,0,NA,Arthur,NA,Vazquez,NA,1,NA,386C15C2-4161-4BC7-BB51-FF96B43B6217,12-10-13 22:00
8989,IN,0,NA,Michele,NA,Sanchez,NA,0,NA,70169AFF-CE0E-4B4A-8B6A-FD667CA9575D,19-01-14 23:00
2773,IN,0,NA,Alexandra,NA,Rivera,NA,0,NA,9F2AE06D-7B72-43A0-AC6C-3F2C37B75955,02-04-14 22:00
15195,IN,0,NA,Martin,NA,Rienstra,NA,0,NA,A0450E12-01EA-40B7-8F86-FF3065224654,19-02-14 23:00
2188,GC,0,NA,Kim,NA,Ralls,NA,0,NA,50E21CF2-8ABD-4D3C-95FA-F960CD9F8620,03-01-09 23:00
13298,IN,0,NA,Gavin,NA,Hughes,NA,0,NA,BBDD6EA1-0E48-4BB5-AAE7-16A49323C187,19-09-13 22:00
10656,IN,0,NA,Meredith,NA,Browning,NA,0,NA,CBBAA544-346F-4F06-B0E8-84B33AADB98F,25-05-14 22:00
15470,IN,0,NA,Jeremy,NA,Reed,NA,0,NA,60480537-71CF-40BC-9166-40FE4720E5A2,22-10-13 22:00
4875,IN,0,NA,Charles,NA,Walker,NA,0,NA,43ABC95A-F500-4C79-A963-B19E0787F05A,04-09-13 22:00
15648,IN,0,NA,Isaiah,J,Evans,NA,0,NA,2349077D-2536-46BE-8A86-088B8253B795,11-03-14 23:00
517,SC,0,Mr.,Richard,NA,Bready,NA,0,NA,2B5DA487-220D-45DA-8E61-996BC090AD89,30-05-11 22:00
6861,IN,0,NA,Jordyn,S,Coleman,NA,0,NA,776DCA46-DD0E-4713-B3D6-D9DC5BF097A4,23-07-12 22:00
10640,IN,0,NA,Meredith,M,Alonso,NA,0,NA,FD3C58F5-BAC8-4878-B00F-D556EAAAAF35,06-05-12 22:00
17798,IN,0,NA,Candice,J,Huang,NA,2,NA,54D0F9BC-46E6-4DB5-B669-3A30DBC42956,10-03-14 23:00
5842,IN,0,NA,Aimee,NA,She,NA,0,NA,B3F0FB68-4403-4ADE-97E3-0E96D053F74A,16-03-12 23:00
13778,IN,0,NA,Monique,L,Gill,NA,0,NA,5B942F73-75F0-447C-A99B-1A686B85DF0A,04-09-13 22:00
6228,IN,0,NA,Christian,NA,Yang,NA,0,NA,A1326868-A7D5-416F-8942-F4FB15D48323,05-11-13 23:00
8036,IN,0,NA,Jermaine,A,Gonzalez,NA,0,NA,E26C4FE0-FCEF-47C4-95D5-FA41A1249F99,12-12-13 23:00
12320,IN,0,NA,Madison,C,Davis,NA,1,NA,F5D23357-532B-4CCE-82F8-2B9A8E76D78E,12-06-14 22:00
2427,IN,0,NA,Francis,A,Moreno,NA,0,NA,90AF98A5-F72A-48A7-AFFB-EB49E6F6B98C,18-12-13 23:00
11292,IN,0,NA,Natalie,A,Hall,NA,0,NA,0B055A9F-AB5D-4F78-AD41-956EEA9DAD6C,05-07-13 22:00
10826,IN,0,NA,Bruce,E,Fernandez,NA,1,NA,86CFB5D8-65F4-42D4-ADBD-5E1D70A11019,16-05-14 22:00
216,EM,0,NA,Sean,P,Alexander,NA,2,NA,AA6F6C92-C6B0-4C05-B3A3-90887A88DE0F,20-12-08 23:00
8757,IN,0,NA,Shelby,NA,Bradley,NA,0,NA,219D600A-61C3-49EA-8A47-52F526A7A1D9,26-04-14 22:00
6034,IN,0,NA,Hunter,NA,Ross,NA,0,NA,614EC843-1B19-4EDB-A921-842155407B5F,16-02-14 23:00
13252,IN,0,NA,Carson,L,Patterson,NA,2,NA,3A685505-79E1-4F44-8D1C-9182AB8BFF4A,20-02-14 23:00
16921,IN,0,NA,Jerry,NA,Nath,NA,2,NA,0EAB0574-D95B-470D-9E57-8E714E98EC8C,14-03-14 23:00
13469,IN,0,NA,Dalton,A,Butler,NA,1,NA,8CF8F7B3-DAE6-49E2-B444-1300D79D1F5B,21-10-13 22:00
10028,IN,0,NA,Carolyn,A,Rowe,NA,0,NA,6080AB4B-FA33-4689-8252-4A2AC510CE95,09-06-14 22:00
18859,IN,0,NA,Orlando,H,Torres,NA,1,NA,963F2693-8C07-45A9-B023-8CF2A8C3D538,28-03-14 23:00
4189,IN,0,NA,Blake,NA,Hill,NA,0,NA,C792C662-868D-4F2D-8504-267E8EE0EA72,06-11-13 23:00
16595,IN,0,NA,Nichole,NA,Yuan,NA,1,NA,55C1065C-D2C6-400D-AAA1-BD996CD4FD24,19-07-13 22:00
77,EM,0,NA,Merav,A,Netz,NA,0,NA,F9427582-FD1B-45DE-922D-2C2C58CEA0F7,23-02-09 23:00
9002,IN,0,NA,Catherine,NA,Morris,NA,0,NA,63E2376B-B5BA-4184-9C44-ADFC5EE42C2A,02-04-14 22:00
1697,VC,0,Ms.,Leota,J.,Roberts,NA,0,NA,071BA803-57A8-439F-9DAE-5695052649B6,22-12-11 23:00
17723,IN,0,NA,Jonathan,NA,Lee,NA,0,NA,FFEFDC98-D939-4697-B387-76989CD0B541,20-04-14 22:00
19009,IN,0,NA,Gary,L,Martin,NA,1,NA,C6622F3F-EE33-4865-BF43-F7CD81127150,23-01-14 23:00
12870,IN,0,NA,Tristan,G,Powell,NA,0,NA,72EFE2B8-74FE-4DBC-823C-4AC97AE8248E,25-01-14 23:00
5289,IN,0,NA,Nicolas,NA,Goldberg,NA,0,NA,20A427D7-84D8-45F7-B135-C7028A8DC053,29-01-14 23:00
9875,IN,0,NA,Alexandra,NA,Nelson,NA,1,NA,E52F5841-FAC1-4033-BFDB-141F8F352F09,25-03-14 23:00
11680,IN,0,NA,Pedro,B,Martin,NA,0,NA,DBB57F77-2763-4FEB-9D9E-A4A9ED88BEA2,13-05-14 22:00
12622,IN,0,NA,Clayton,NA,Zeng,NA,1,NA,58698EDD-FF04-4C3A-90F8-A99EED711EC4,27-09-13 22:00
15029,IN,0,NA,Renee,L,Suarez,NA,0,NA,F3FB29F1-3645-4F29-A94F-CE2A8A6888C1,03-09-12 22:00
9077,IN,0,NA,Trinity,NA,Rogers,NA,0,NA,DF4A495C-73BB-4080-AB10-CFF13AEF0FDD,22-02-14 23:00
15548,IN,0,NA,Pamela,L,Rana,NA,1,NA,C6DF9517-0D08-434E-B355-B8767A7D2135,29-04-14 22:00
14396,IN,0,NA,Lee,A,Alvarez,NA,0,NA,5D96F9DD-9754-420F-9D67-668CBE273E2C,16-12-13 23:00
12302,IN,0,NA,Colleen,S,Deng,NA,2,NA,6E5C4720-3318-4850-B89C-9F8A2848548C,24-04-14 22:00
12062,IN,0,NA,Abigail,NA,Martinez,NA,0,NA,E156AF74-CCBD-43D9-9C8D-E706E8D279E7,24-04-14 22:00
10845,IN,0,NA,Katherine,L,Walker,NA,0,NA,0DA3900B-2571-4DB1-A50B-80910D0FAB51,27-11-13 23:00
4147,IN,0,NA,Kurt,R,Lal,NA,0,NA,6D9B432A-6AFE-4409-8414-7277D9E7496D,03-11-13 23:00
7008,IN,0,NA,Zachary,NA,Henderson,NA,1,NA,7C4CB6FC-F509-4104-891E-B0E9AA1771D6,01-10-13 22:00
7449,IN,0,NA,Tammy,J,Gonzalez,NA,0,NA,2BB45753-F6D1-486E-AEF1-1D92FA14F797,20-09-13 22:00
20617,IN,0,NA,Katie,NA,Holt,NA,0,NA,F3A27F42-790F-4152-96F1-A7919FC73596,20-04-14 22:00
4248,IN,0,NA,Edward,J,White,NA,1,NA,2C315933-8C37-40CF-BF36-B3EB5A16598E,13-10-13 22:00
8761,IN,0,NA,Jade,T,Bell,NA,1,NA,E6929723-B503-4A4C-870B-D90D42F59685,05-03-14 23:00
7611,IN,0,NA,Virginia,NA,Raman,NA,0,NA,937F0414-85B9-4B19-9DC7-D5146CE738B3,13-02-14 23:00
7522,IN,0,NA,Carla,NA,Patel,NA,0,NA,539A2386-8425-4A31-96AF-D9A052EC2955,11-10-13 22:00
15039,IN,0,NA,Gina,E,Martin,NA,2,NA,D49E27BF-D53B-4225-ABEB-4EFA9DBEEF28,17-07-13 22:00
3974,IN,0,NA,Abigail,W,Simmons,NA,0,NA,391C86FE-DF22-4BEE-A5AA-5306CFD0C65E,06-01-14 23:00
5322,IN,0,NA,Eric,L,Shan,NA,0,NA,97E195A2-B9D5-4DD8-86E7-1A74B99C3815,14-08-13 22:00
8294,IN,0,NA,Allison,NA,Ramirez,NA,1,NA,08F4E76E-C431-433A-BA17-7C4E37588CFE,22-01-14 23:00
1089,SC,0,Mr.,Douglas,NA,Hite,NA,0,NA,DBF9A4E5-098B-4A55-91CC-9223A317BC4E,30-06-11 22:00
13240,IN,0,NA,Carson,NA,Coleman,NA,0,NA,49DC5EA1-66B1-4A00-A554-282B765703C1,14-05-14 22:00
2667,IN,0,NA,Isabella,J,Griffin,NA,0,NA,27282C49-8B1D-4A3C-8DD3-76AC89716FCF,27-01-14 23:00
20340,IN,0,NA,Chad,C,Jai,NA,2,NA,AA162C1D-DB67-49FA-8578-BF9A43656783,24-12-13 23:00
8364,IN,0,NA,Darrell,NA,Goel,NA,0,NA,6D724117-ADAB-4D23-9858-AB80173360CE,06-08-13 22:00
19571,IN,0,NA,Emma,NA,Foster,NA,0,NA,3FB7CB14-4314-46B6-977F-96A4CD0A08CC,24-07-13 22:00
8295,IN,0,NA,Geoffrey,P,Raman,NA,0,NA,A1DEF193-1DE5-4AF8-B3C2-D953E653A6F9,08-04-13 22:00
4861,IN,0,NA,Cara,M,Liang,NA,2,NA,5AE6C57C-D49B-476D-8429-52BF57EFCB02,13-07-11 22:00
12561,IN,0,NA,Ashley,NA,Bennett,NA,1,NA,85356EE3-E940-4DBF-B97A-26F90A2E7E4D,14-02-14 23:00
11062,IN,0,NA,Joe,A,Dominguez,NA,1,NA,F64707CD-8BAE-421F-940B-821DEE224273,19-04-14 22:00
8967,IN,0,NA,Christina,C,Cooper,NA,1,NA,F8EB1C71-E3B5-4B1C-8ECF-143804004699,05-11-12 23:00
20558,IN,0,NA,Kaitlyn,F,Blue,NA,2,NA,94CAAB1E-0C61-4C6E-AF13-AF2A7DEE4952,02-09-13 22:00
2274,GC,0,NA,Judy,NA,Lew,NA,0,NA,9B987C2C-6BEF-4470-BDB7-9A5278CD2842,05-01-09 23:00
14465,IN,0,Ms.,Angel,M,Gray,NA,0,NA,ADC2BD65-DE1D-4740-BBB8-D3C91BD3874C,08-12-13 23:00
11303,IN,0,NA,Grace,NA,Davis,NA,0,NA,EF4AB847-825F-4E83-B159-DE3AC072694D,11-04-14 22:00
9700,IN,0,NA,Chloe,NA,Campbell,NA,0,NA,BD09FBDA-8404-44A0-8A03-C0C309AE2131,01-07-13 22:00
12822,IN,0,NA,Trevor,A,Henderson,NA,0,NA,716D2BE5-04C5-4F1F-9ACB-A27919805CEE,15-08-13 22:00
17988,IN,0,NA,Ryan,C,Wilson,NA,0,NA,2F655865-13FA-40B6-9A03-636B300FEFE8,30-08-13 22:00
20641,IN,0,NA,Katie,Z,Ashe,NA,1,NA,EC02401A-07FC-4340-A3B4-529406BD3BC8,04-03-14 23:00
4130,IN,0,NA,Miguel,A,Turner,NA,0,NA,C39121F3-392A-459C-88C0-D7A54CBF818F,06-05-14 22:00
4877,IN,0,NA,Warren,J,Raji,NA,1,NA,66DE2D4D-D06D-4250-AA5B-8B967A5B5C06,09-03-13 23:00
8832,IN,0,NA,Mackenzie,J,Bailey,NA,1,NA,06F9C9F3-0850-400B-A3F4-D09918969B0B,28-02-14 23:00
14306,IN,0,NA,Eduardo,I,Ward,NA,2,NA,3EF4C6CC-AB1D-4EFB-9411-8074BE4ED758,15-05-14 22:00
6015,IN,0,NA,Audrey,J,Alonso,NA,1,NA,F67F2D9E-A587-4045-9C04-241FDE8EEE4B,01-12-13 23:00
13770,IN,0,NA,Monique,R,Navarro,NA,0,NA,9F8D2E29-5CB2-45E7-8BDE-390C758F1416,14-12-13 23:00
20150,IN,0,NA,Phillip,NA,Kapoor,NA,2,NA,CEC83333-6EF8-41E6-97CA-DAE4D7CF8110,09-01-14 23:00
2006,SC,0,Ms.,Julie,P.,Waggoner,NA,2,NA,44CB8BBF-EA82-48B8-BB23-8394A82CAA71,29-06-12 22:00
3276,IN,0,NA,Maria,NA,Hughes,NA,1,NA,E6A87C93-06D7-4CA6-98D9-3902D2987E90,13-11-13 23:00
15545,IN,0,NA,Jose,B,Parker,NA,0,NA,31924586-23DD-4A0C-9FBE-7C06A05ED3DA,26-10-13 22:00
10920,IN,0,NA,Arthur,A,Mehta,NA,1,NA,6817AADA-20F8-4730-AB65-610B19769F47,10-02-12 23:00
15063,IN,0,NA,Gina,NA,Vazquez,NA,1,NA,4C107DFC-6E39-4288-87F8-B5F882AA53D0,12-11-13 23:00
19447,IN,0,NA,Raymond,H,Suri,NA,0,NA,F04B6368-3BA8-486D-AFE9-7A50F4984554,30-03-14 22:00
13443,IN,0,NA,Warren,B,Lal,NA,0,NA,B0E3FF69-11E9-42D4-BC4F-4294B8CDE96A,10-04-14 22:00
12354,IN,0,NA,Lacey,L,Zhang,NA,1,NA,8C271234-0F97-46A8-98E9-D31EC401A35C,11-01-13 23:00
19084,IN,0,NA,Megan,E,Morgan,NA,0,NA,00F90FCA-7E4A-4095-9C19-A39C78BCBA3C,27-03-14 23:00
16436,IN,0,NA,Jack,NA,Carter,NA,1,NA,686E9289-89F3-4723-A3F2-709F44B0776F,21-12-13 23:00
8433,IN,0,NA,Michele,NA,Black,NA,1,NA,5619932D-3E6B-4736-8E24-8727E8C830E8,14-10-13 22:00
14031,IN,0,NA,Marcus,E,James,NA,1,NA,6C9F8A01-5211-4FB2-B88C-15D652D7ED2F,14-06-14 22:00
71,EM,0,NA,Michael,Sean,Ray,NA,2,NA,CA42A0B4-C068-4C75-A8A3-DE8953760927,07-02-09 23:00
3068,IN,0,NA,Stephanie,W,Rogers,NA,0,NA,C2E57F6F-CAB2-4035-84C0-7F7AB59C757A,18-02-14 23:00
9072,IN,0,NA,Brooke,NA,Rogers,NA,0,NA,9F1793DA-B8F0-4A8C-A4D8-FE8891A3AE6C,03-12-13 23:00
15224,IN,0,NA,Paula,W,Ramos,NA,0,NA,32E67122-5D27-4C91-B74B-E94E0810CACE,24-01-14 23:00
5234,IN,0,NA,Adam,NA,Henderson,NA,2,NA,64A0B1B1-3A83-4529-81DC-83FDB58B5C86,25-10-13 22:00
20676,IN,0,NA,Lindsey,NA,Goel,NA,0,NA,5DAFDEA0-4118-41DC-B3F2-99FB3BF7EEDA,29-08-13 22:00
7460,IN,0,NA,Ana,R,Russell,NA,1,NA,954871FD-1745-4065-99D1-39F8F24210B3,01-07-13 22:00
12489,IN,0,NA,Sarah,NA,Clark,NA,2,NA,9ED337DB-835A-49DB-942A-91B580835702,22-02-14 23:00
12301,IN,0,NA,Hannah,H,Clark,NA,0,NA,7143296E-0DFB-424F-8938-BCFB4116083F,12-07-13 22:00
10379,IN,0,NA,Tabitha,NA,Smith,NA,0,NA,E2CCA5E1-45F5-47C5-8510-6304136379BC,27-12-13 23:00
11921,IN,0,NA,Elizabeth,A,White,NA,0,NA,F2526A42-47E6-4489-BEBE-FADCA9358316,10-05-14 22:00
3902,IN,0,NA,Fernando,NA,Campbell,NA,1,NA,958DF81A-07A5-4262-ADF6-575162AF06E0,06-09-13 22:00
2468,IN,0,NA,Jamie,S,Cai,NA,1,NA,E59E1C12-98AF-42BB-928B-955DEA23410B,06-11-13 23:00
4989,IN,0,NA,Devin,NA,Phillips,NA,0,NA,CFEFBA35-4EFE-4E39-9168-78C1341A1FF7,18-10-13 22:00
16319,IN,0,NA,Samuel,NA,Nelson,NA,1,NA,35CF338A-E18A-4E75-A565-5A32BFA88CA2,16-02-14 23:00
10359,IN,0,NA,Jay,NA,Sanz,NA,1,NA,869D241A-1A85-4A3A-B5AE-FC416704ED66,12-05-14 22:00
3781,IN,0,NA,Wyatt,M,Clark,NA,0,NA,1DFC05FF-F0F5-40DD-B32A-1D63F11D47BB,15-05-14 22:00
3788,IN,0,NA,Barry,D,Martinez,NA,0,NA,30AB8BE5-0953-4FC8-9B9E-17BE37B8EA6E,24-02-12 23:00
9081,IN,0,NA,Jade,I,Rogers,NA,0,NA,40065D8C-E1C7-45BD-8528-708D6D977760,05-11-13 23:00
2882,IN,0,NA,Sydney,C,Perry,NA,0,NA,9D860501-7F39-4CAD-A62C-72D68CE4AF83,10-04-14 22:00
8205,IN,0,NA,Erin,N,Peterson,NA,1,NA,369B1FA4-96C9-41F5-BD86-B4AC07360248,10-03-14 23:00
12536,IN,0,NA,Samantha,NA,Hughes,NA,0,NA,81429EDC-77F6-4D84-997A-BDF1A6DB1170,22-03-14 23:00
10642,IN,0,NA,Mary,R,Lopez,NA,0,NA,0FF8486B-BB7F-4483-913E-EB68CA1FBD19,15-03-14 23:00
14978,IN,0,NA,Marcus,W,Morgan,NA,2,NA,3E00199C-0F8B-44F4-986B-0ED1F32374C9,17-01-14 23:00
4802,IN,0,NA,Bianca,B,Liang,NA,0,NA,81607629-9EC2-420D-9588-2E04CBA2A4D5,19-01-13 23:00
8216,IN,0,NA,Franklin,NA,Yuan,NA,0,NA,8231E7DD-FAAF-4C66-83A9-58C9928D7E46,29-07-13 22:00
8156,IN,0,NA,Faith,A,Torres,NA,0,NA,E9894E52-1765-41EE-924E-6B8DD309F11E,29-12-13 23:00
2556,IN,0,NA,Dustin,NA,Luo,NA,0,NA,F189A18D-4EA0-47CA-A8D9-AF70FBFBC0C8,23-08-11 22:00
19819,IN,0,NA,Lindsay,A,Xu,NA,1,NA,F838CD18-FD92-4C38-AF6C-48B8307B222C,12-07-13 22:00
16276,IN,0,NA,Bethany,NA,Ashe,NA,1,NA,CCCC072C-FB51-4867-8942-2AF30FCF11D5,19-09-13 22:00
6353,IN,0,NA,James,Y,Long,NA,2,NA,AA60043F-0352-4E50-A3F4-3FC4E69EA2C3,27-12-13 23:00
16717,IN,0,NA,Francisco,L,Gonzalez,NA,0,NA,C7E7AA8D-3B8D-4AF1-A65B-45FD76E6A113,12-05-12 22:00
6506,IN,0,NA,Steve,NA,Li,NA,2,NA,D4FBAF10-10DD-471F-B8AC-AF5CF54AA72A,19-03-14 23:00
11623,IN,0,NA,Lauren,NA,Davis,NA,2,NA,6E77BAC4-A153-481F-B4E1-A6D77CC0CD78,18-02-14 23:00
2203,GC,0,NA,Yan,NA,Li,NA,2,NA,6E2FFE71-65A7-4467-AD92-BED327C61169,13-12-08 23:00
1435,SC,0,Ms.,Yvonne,NA,McKay,NA,0,NA,C2287535-1A4D-4ABB-AACE-87C7EF315D6B,31-07-11 22:00
11441,IN,0,NA,Nicole,NA,Wilson,NA,0,NA,FF8047A7-4736-4BA1-86BD-507369568CF3,19-08-13 22:00
1748,IN,0,Ms.,Janet,NA,Sheperdigian,NA,0,NA,E1019B30-9323-4E25-891D-51BD561334FE,19-05-14 22:00
18310,IN,0,NA,Alexander,J,Robinson,NA,2,NA,CA21266F-DBC0-4E40-8F5E-C145533D68A0,01-02-13 23:00
4528,IN,0,NA,Dalton,M,Collins,NA,1,NA,086486A9-D257-450A-9012-8CBA33B84E4A,25-01-13 23:00
14608,IN,0,NA,Charles,NA,Rivera,NA,2,NA,3E1F8F10-966C-491A-9E5A-4D1925685947,20-06-14 22:00
14990,IN,0,NA,Dalton,L,Morgan,NA,1,NA,7653CBA3-9BBC-4A74-9EE4-306A2E858D5E,22-11-13 23:00
18059,IN,0,NA,Jeffery,E,Zhu,NA,1,NA,48D86155-023F-4B20-9E61-991E67445B72,29-12-13 23:00
13785,IN,0,NA,Richard,L,Patterson,NA,0,NA,FF1DBEE8-74C6-4051-83E9-B22C6B73ADCE,30-04-14 22:00
13679,IN,0,NA,Rodney,R,Alonso,NA,0,NA,73722D60-D03A-4BC6-B7BF-9866F4F84172,12-11-13 23:00
7151,IN,0,NA,Angelica,G,Hughes,NA,2,NA,742F9CA8-5B39-487C-8A20-6B4F5D970515,25-07-13 22:00
2771,IN,0,NA,Andy,M,Rubio,NA,2,NA,9A1B8209-4017-44E4-A89C-BD93313573F0,30-03-14 22:00
19152,IN,0,NA,Megan,W,Hughes,NA,0,NA,62780F45-AD0D-4B82-A96E-772B3B4C0565,06-05-13 22:00
18558,IN,0,NA,Tyler,NA,Garcia,NA,0,NA,C183D9C3-7EFF-4051-8122-FD4EC04CD896,04-11-13 23:00
8370,IN,0,NA,Caitlin,V,James,NA,2,NA,7489273B-0FF9-4BD6-82B4-1E9932E52810,06-12-12 23:00
13343,IN,0,NA,Willie,NA,Liu,NA,2,NA,64CC697D-AFB4-4B0B-8546-C188FDBBC29A,03-01-12 23:00
19930,IN,0,NA,Nicole,NA,Ramirez,NA,0,NA,B1334269-24FE-4144-9D63-BBC250EC251B,15-10-13 22:00
13896,IN,0,NA,Theresa,NA,Alonso,NA,0,NA,9B2F459F-78C9-4E80-926C-5828F1F42A76,28-10-13 23:00
13516,IN,0,NA,Jeremy,NA,Patterson,NA,0,NA,F9FDA4DF-1994-47FB-A618-C35665B12BAB,10-01-14 23:00
9401,IN,0,NA,Maria,M,Collins,NA,0,NA,E2C38C12-F6CF-4605-8ABE-50F1072EB1F0,27-12-13 23:00
4035,IN,0,NA,Jeremy,NA,Baker,NA,1,NA,4C306D52-2B38-4D3F-BD64-922B7E50ADEB,19-03-14 23:00
15978,IN,0,NA,Henry,B,Garcia,NA,0,NA,87C7AC1B-2E2D-4B7B-A825-D72704D4A4D0,30-06-13 22:00
8611,IN,0,NA,Bailey,L,Ward,NA,2,NA,2A5A585F-7BCB-433A-8585-4F4596EA0670,07-04-14 22:00
2414,IN,0,NA,Isabella,NA,Gray,NA,0,NA,2D01ACF3-9979-439B-8F97-7BE9A2ADBDF5,20-01-14 23:00
6332,IN,0,NA,Cameron,NA,Yang,NA,0,NA,3743342E-44B5-498C-A377-BEBB8D4980DC,02-01-14 23:00
9526,IN,0,NA,Raul,D,Chander,NA,0,NA,395387F8-5FB9-41F2-95C8-BB3772398B60,04-11-12 23:00
11578,IN,0,NA,Barbara,NA,Zheng,NA,0,NA,80535183-1CEC-4A78-8C90-90F991C6B546,03-05-13 22:00
259,EM,0,NA,Ben,T,Miller,NA,0,NA,AB1DEFC1-5B4A-4032-A787-8F4147B2E363,01-03-10 23:00
8857,IN,0,NA,Gilbert,NA,Zhao,NA,0,NA,03895001-B407-4841-9484-A33439031FFA,28-12-12 23:00
4496,IN,0,NA,Carly,L,Lal,NA,0,NA,EF430ED6-1224-4C1E-B531-96423C2F1010,24-08-13 22:00
6095,IN,0,NA,Beth,NA,Gill,NA,2,NA,CA96C760-67E8-4263-9E62-3D654E102435,11-01-12 23:00
17846,IN,0,NA,Kelvin,NA,Zhao,NA,0,NA,4DA0C6BA-A85E-4E18-AF71-B053F49C38A6,03-05-14 22:00
7036,IN,0,NA,Zachary,A,Alexander,NA,1,NA,25C76B25-E37F-48F4-95E0-1A89BF8E7BDA,04-11-13 23:00
11999,IN,0,NA,Alisha,NA,Xu,NA,1,NA,E5E2D0E2-3786-4705-B793-B0F17F0EB54E,11-11-13 23:00
17830,IN,0,NA,Dana,S,Serrano,NA,0,NA,6F8FA5FA-AC77-4F01-94BE-1F4022E31F74,24-08-13 22:00
11470,IN,0,NA,Jenny,R,Zheng,NA,1,NA,86B3A7F1-52A6-42AF-AF2D-B9E116EF3709,13-03-12 23:00
2216,GC,0,NA,Mandar,NA,Samant,NA,0,NA,22280506-0794-4534-8AE7-A11ED4258D76,23-01-09 23:00
16642,IN,0,NA,Alison,NA,Xu,NA,0,NA,7246E950-5C32-465B-BDDB-883D8FA3ADF0,28-07-13 22:00
5944,IN,0,NA,Autumn,NA,He,NA,1,NA,585CD022-22CD-45D9-96DD-9474B0B861E8,26-01-14 23:00
10597,IN,0,NA,Allison,R,Wright,NA,1,NA,F6549677-3209-45D8-A606-B8EE5FAD2CBC,16-05-14 22:00
6590,IN,0,NA,Reginald,NA,Ramos,NA,0,NA,EFE61EA8-4B2F-4E30-976E-1F66327FA5A4,03-04-13 22:00
7533,IN,0,NA,Kelly,W,Price,NA,0,NA,0F739C23-60B0-4205-B848-08335632A0A0,23-08-13 22:00
159,EM,0,NA,Terrence,W,Earls,NA,1,NA,15365ED2-53AC-4EC7-93BF-89ED5D903167,08-02-09 23:00
6304,IN,0,NA,Cameron,W,Butler,NA,1,NA,86C1479B-09D0-4A5C-A233-8C2CE07D3E01,03-03-14 23:00
2110,GC,0,NA,Heidi,NA,Steen,NA,1,NA,BC221AD6-17B2-4092-815A-7E1A89213C84,23-05-11 22:00
14449,IN,0,NA,Lawrence,NA,Navarro,NA,2,NA,AE110AA3-1B33-473D-A949-A4EDA9446CC1,09-09-13 22:00
1784,IN,0,Mr.,Phil,NA,Spencer,NA,0,NA,1326D0F6-68CA-4CAC-89F3-79A588D5B30E,20-02-12 23:00
20541,IN,0,NA,Jennifer,B,Griffin,NA,2,NA,D43B5C42-3A8E-40A0-B82C-48EC291BB1B4,17-09-13 22:00
5248,IN,0,NA,Adam,NA,Simmons,NA,0,NA,E2B727B1-BA75-4CAE-8650-D7A754102333,20-11-13 23:00
9477,IN,0,NA,Melanie,M,Stewart,NA,0,NA,E39B7E67-956E-4259-9BEC-E52D262C1D00,16-06-14 22:00
13003,IN,0,NA,Emily,NA,Flores,NA,1,NA,DC7A797A-9738-4CCC-86B0-C449FCEA5A12,19-07-13 22:00
8838,IN,0,NA,Gilbert,NA,Ye,NA,1,NA,38895653-F554-43A7-882A-65E38A69A92D,27-05-14 22:00
20496,IN,0,NA,Keith,N,Yuan,NA,1,NA,480EFBC2-9461-4E6C-B054-B349DCED030C,20-11-12 23:00
18947,IN,0,NA,Chelsea,NA,Subram,NA,2,NA,BE82C653-9BDC-4FA8-8E0B-032C0684B6E0,11-03-14 23:00
11964,IN,0,NA,Alisha,G,Zhu,NA,2,NA,94C55062-8F46-4D40-AC63-2075C4173900,25-10-11 22:00
10714,IN,0,NA,Kristi,L,Martinez,NA,0,NA,5B3A8889-0826-43CE-A470-7D19C4E3B422,25-04-14 22:00
5003,IN,0,NA,Suzanne,NA,Liu,NA,0,NA,ED354B8C-56B2-4D18-8A2F-C78E9FF564D4,07-01-12 23:00
15275,IN,0,NA,Heidi,L,Fernandez,NA,0,NA,7788138A-DBD7-42A6-BC45-EF062DF706DC,06-10-13 22:00
8039,IN,0,NA,Catherine,NA,Sanders,NA,0,NA,22E41439-8C39-4944-97C9-7ABB3BD4F216,25-03-14 23:00
1505,VC,0,Ms.,Barbara,NA,Moreland,NA,0,NA,DDAC3657-9C8B-4EBD-A800-5B0CEADD4E08,24-01-12 23:00
14552,IN,0,NA,Mathew,NA,Rubio,NA,1,NA,F638879C-EF50-4148-ABDA-8E283EB4283A,13-03-12 23:00
18891,IN,0,NA,Andrew,J,Garcia,NA,1,NA,D8165AA6-D810-49EE-8CA2-BEC25B97DD0B,18-12-13 23:00
4000,IN,0,NA,Jeremiah,E,Martin,NA,0,NA,9B74C96C-CC76-4A74-8330-DB6754FD7903,01-02-14 23:00
10785,IN,0,NA,Gerald,NA,Ramos,NA,0,NA,3BF4A3D8-1D9C-427A-BAE0-1DD1AA1D54D1,27-07-13 22:00
4801,IN,0,NA,Lucas,F,Robinson,NA,2,NA,8A540759-8426-4B62-BCF9-A7E8288E9DDA,29-10-13 23:00
17059,IN,0,NA,Johnny,NA,Pal,NA,0,NA,217C7357-CE1F-4E9B-BD6B-B47E7764545D,19-05-13 22:00
17410,IN,0,NA,Karen,E,Xu,NA,1,NA,F860F4DA-5FAF-469F-A177-714D657BC52B,26-11-12 23:00
6546,IN,0,NA,Ryan,NA,Coleman,NA,0,NA,4D71C585-CA45-4793-9134-799AD649E2D8,03-03-14 23:00
20086,IN,0,NA,Joel,L,Subram,NA,0,NA,43AC3A51-73E9-43E8-8359-729997FC88F0,04-10-13 22:00
3927,IN,0,NA,Abigail,E,Bailey,NA,2,NA,1ECC012A-1C3E-4A18-BF64-9313EC3BB1AE,13-05-13 22:00
12013,IN,0,NA,Warren,H,Lu,NA,0,NA,07B18812-709A-4119-A5C5-8CACF3216C86,17-04-14 22:00
16789,IN,0,NA,Carlos,NA,Green,NA,0,NA,929A1055-9DE5-45FF-BC19-C2E3A74D1D54,02-09-13 22:00
19237,IN,0,NA,Victor,C,Romero,NA,0,NA,42C18394-8AED-450A-BFCC-DDCC6A016C24,06-08-11 22:00
9435,IN,0,NA,Jaime,NA,Shen,NA,2,NA,4AFED308-DBFB-42B4-B289-23BF1DB5A9C4,01-08-11 22:00
20522,IN,0,NA,Keith,NA,Raji,NA,0,NA,0B56CF28-C494-4786-AC82-EDA588A6472B,21-12-12 23:00
16402,IN,0,NA,Latoya,A,Rai,NA,0,NA,7D06B31F-AC81-4A44-8788-595300D5D4B2,17-04-14 22:00
10121,IN,0,NA,Marie,NA,Browning,NA,2,NA,8A675FE7-E76C-4D0A-B7EE-2C0C45B8D8BE,12-10-13 22:00
281,SP,0,NA,Shu,K,Ito,NA,2,NA,CA87A053-6C5F-4F9B-8790-1D0AF332153A,23-05-11 22:00
7003,IN,0,NA,Dylan,NA,Sharma,NA,0,NA,ABA1CEB5-6639-4D71-9692-477E44168388,02-03-14 23:00
15801,IN,0,NA,Troy,NA,Madan,NA,0,NA,DF52913D-14C5-4D84-A4F7-0C7F64DDF8F9,06-04-14 22:00
16415,IN,0,NA,Elijah,NA,Carter,NA,2,NA,7A6D0AE4-EFD4-4920-894B-C65E9D08CE32,08-04-13 22:00
10283,IN,0,NA,Haley,M,Adams,NA,0,NA,DF8F03E5-5D51-4CC7-B3A7-38B10CB243BE,16-06-12 22:00
19155,IN,0,NA,Megan,R,Washington,NA,0,NA,EFF6C528-7CAC-4905-9710-76ABB1022398,02-07-13 22:00
15018,IN,0,NA,Chase,NA,Bell,NA,1,NA,762D4DA7-C847-4247-9466-E35E6B1BC71B,06-05-14 22:00
6013,IN,0,NA,Audrey,V,Munoz,NA,1,NA,0C3B9068-B3DA-4F15-AF10-27F944ED1B80,06-04-12 22:00
16739,IN,0,NA,Jason,D,Green,NA,0,NA,02E99BF9-68EF-409E-AB6E-A16DE6987A27,26-08-13 22:00
5284,IN,0,NA,Eric,NA,Powell,NA,2,NA,0485C141-B26C-4146-9722-8679592F0C12,14-03-14 23:00
16158,IN,0,NA,Kevin,S,Campbell,NA,0,NA,E964C624-D881-4E95-8566-372667E8EE34,06-08-13 22:00
16256,IN,0,NA,Jose,D,Gonzalez,NA,1,NA,78BC9319-B8D0-4699-84A3-D7D371210255,28-05-14 22:00
16299,IN,0,NA,Gloria,NA,Ruiz,NA,1,NA,781EC637-F081-42C2-866B-1981B07F6FF3,17-06-12 22:00
17161,IN,0,NA,Tony,M,She,NA,2,NA,6AD1D94D-4BAB-445C-8D09-E838E803DD52,22-02-14 23:00
1351,SC,0,Ms.,Anita,R.,Lucerne,NA,1,NA,5C28FCE8-DB52-4222-BD91-2AB9FED54696,30-07-13 22:00
8546,IN,0,NA,Carol,L,Cox,NA,1,NA,25AD4CAF-1C7E-4FBF-A3A3-89722B22C543,29-08-13 22:00
6258,IN,0,NA,Austin,C,Foster,NA,2,NA,543CA800-5766-4628-B94C-E79C7385A121,01-03-12 23:00
16278,IN,0,NA,Casey,C,Deng,NA,2,NA,D4E1559C-FD35-432C-9307-2DA5864164A3,02-03-14 23:00
6238,IN,0,NA,Janet,NA,Munoz,NA,1,NA,DC4AF179-FF47-42C4-BAD2-82F929F6948F,30-04-13 22:00
15159,IN,0,NA,Paula,NA,Vazquez,NA,1,NA,75ED51D5-46B0-485B-B407-E707519F5B7C,17-08-12 22:00
13407,IN,0,NA,Willie,A,Chander,NA,2,NA,647DA7FF-5FC9-4EBC-996A-4F17C76D706B,01-10-13 22:00
14540,IN,0,NA,Mathew,A,Serrano,NA,0,NA,A2923584-E9E0-4A95-97F6-0604319E3D54,16-02-14 23:00
7790,IN,0,NA,Paige,C,Butler,NA,0,NA,D7611267-1F61-4ACE-B839-C176A82EE1A7,24-04-14 22:00
16861,IN,0,NA,Mohamed,D,Pal,NA,2,NA,7E6B0235-79A3-474C-A653-505BCA1271E7,12-08-12 22:00
15222,IN,0,NA,Garrett,NA,Rivera,NA,1,NA,15262A12-CD7D-423F-B478-6B367732FA14,16-07-13 22:00
18473,IN,0,NA,Brandi,NA,Ashe,NA,0,NA,7F46A9D0-6D7D-4634-A36D-D6CFE840CFAD,18-02-14 23:00
3,EM,0,NA,Roberto,NA,Tamburello,NA,0,NA,E1A2555E-0828-434B-A33B-6F38136A37DE,03-11-07 23:00
3052,IN,0,NA,Amanda,M,Simmons,NA,2,NA,CA3ABF06-9E11-448A-9386-00AC1E65D1EB,20-06-13 22:00
9006,IN,0,NA,Michele,NA,Jimenez,NA,0,NA,A07D382D-94B0-4252-8EBD-0FA3A1DDFC3A,15-01-14 23:00
9402,IN,0,NA,Brad,S,Andersen,NA,0,NA,D7964D95-9CE0-4FB3-BE1B-FC408CBD5054,22-12-13 23:00
4377,IN,0,NA,Melvin,M,Jai,NA,1,NA,ACB18D2E-F0B9-4F10-8B51-95E352B95015,09-03-14 23:00
3248,IN,0,NA,Maria,NA,James,NA,0,NA,2D277822-DA46-41DE-BAE2-52E57BCC0046,29-07-13 22:00
17634,IN,0,NA,James,C,Garcia,NA,1,NA,486BBACE-47BC-4BAD-B773-7F81EA62E447,31-12-13 23:00
8668,IN,0,NA,Sheena,NA,Kennedy,NA,0,NA,D7B7A45D-3BC2-4AF4-AC06-6F7FB483796E,17-11-13 23:00
17456,IN,0,NA,James,NA,Hall,NA,0,NA,1728057C-4E26-459C-B968-2C1FE1A82473,08-08-13 22:00
1195,SC,0,Mr.,Sandeep,NA,Kaliyath,NA,0,NA,B3EE6BE4-D9D6-4B86-9492-E21B507128A1,29-05-13 22:00
16037,IN,0,NA,Jack,L,Turner,NA,2,NA,74A7CED6-3049-4539-AA79-CEC2911BD267,16-08-13 22:00
11538,IN,0,NA,Barbara,NA,Li,NA,0,NA,89807D29-906E-41FB-8992-90094BA57694,18-05-13 22:00
15477,IN,0,NA,Nancy,NA,Garcia,NA,2,NA,142C55F5-23D7-46F1-9690-7C62C921A021,27-08-13 22:00
15502,IN,0,NA,Rachael,R,Madan,NA,0,NA,C22E983A-A2F4-457F-853B-4AAE2F94ECB9,31-07-13 22:00
19171,IN,0,NA,Casey,NA,Sanz,NA,0,NA,4F2129DB-9F09-4BD1-BA4C-A063017A4E99,13-01-14 23:00
12393,IN,0,NA,Samantha,C,Martinez,NA,0,NA,3161A6E4-FCF4-4CD2-878C-70ADE9781314,24-04-13 22:00
5864,IN,0,NA,Claudia,J,Ye,NA,2,NA,E42D4214-43DB-4547-8A9E-5E1F35F2FE02,14-01-12 23:00
7195,IN,0,NA,Brittany,NA,Hughes,NA,0,NA,106AEDD8-F1E6-4177-A2A4-A93DA0211F78,01-10-13 22:00
11088,IN,0,NA,Jennifer,NA,Miller,NA,0,NA,A2D25444-E5CC-4310-A337-517055530FBA,21-06-14 22:00
14267,IN,0,NA,Felicia,L,Jimenez,NA,2,NA,7E937E53-1554-4810-A805-B5B414ED9F31,27-09-11 22:00
13719,IN,0,NA,Devin,A,Russell,NA,0,NA,D33D3121-91B5-4E56-AE49-D30020AB9C31,30-08-13 22:00
17330,IN,0,NA,Noah,NA,Lee,NA,1,NA,FC5ADCDA-51B4-40C4-98FE-C6E20CE7836C,26-03-14 23:00
12563,IN,0,NA,Ashley,J,Barnes,NA,0,NA,F1477CCB-C54F-4880-8163-2AEE197603FF,21-12-11 23:00
14130,IN,0,NA,Bryce,NA,Brooks,NA,0,NA,B3C3CE7D-BA46-4384-8084-C57E5801512A,30-06-13 22:00
214,EM,0,NA,Andreas,T,Berglund,NA,0,NA,4F896936-FBF8-4120-BC87-62CCF30D09DB,25-01-09 23:00
8938,IN,0,NA,Melissa,S,Rivera,NA,0,NA,27A88811-80BB-4ADE-AEFE-A16F6D50594A,28-05-14 22:00
17758,IN,0,NA,Logan,A,Thomas,NA,1,NA,D5800E85-D01E-4127-9168-508C2B10F31A,02-07-13 22:00
12131,IN,0,NA,Kelli,NA,Chander,NA,0,NA,92163413-BA85-4CC2-ABE2-7BBF5B465B33,10-11-13 23:00
9802,IN,0,NA,Courtney,NA,Parker,NA,0,NA,1D7BCF3D-E3E0-4F9D-B6C8-262E6F548497,25-04-14 22:00
16841,IN,0,NA,Alex,NA,Allen,NA,0,NA,81E2F0F5-A21C-45A6-88B5-9E7FC79438DB,24-01-14 23:00
17015,IN,0,NA,Evan,NA,King,NA,2,NA,6AB32F11-7F28-4EC1-AD10-3B8C14BB1B94,27-07-11 22:00
18902,IN,0,NA,Whitney,A,Rana,NA,2,NA,5A40EF09-6B50-4E84-9686-8F7671D34E12,22-09-12 22:00
2633,IN,0,NA,Isabella,NA,Foster,NA,1,NA,3635EA5B-5D18-440E-BA62-963B1A044D35,03-03-14 23:00
2639,IN,0,NA,Heather,NA,Xu,NA,0,NA,9B2641DB-B0BA-4FF0-A6DB-1EEEEAD3E364,22-01-14 23:00
15976,IN,0,NA,Jack,E,Roberts,NA,1,NA,1649325D-0A15-4E88-B6E4-8B81E8899BE8,31-07-13 22:00
13018,IN,0,NA,Robyn,C,Alonso,NA,1,NA,EC9297C5-210D-4F5B-B824-24312FB70CB9,16-12-13 23:00
4202,IN,0,NA,Cedric,L,Beck,NA,0,NA,9209E2DB-E065-46EF-B4C3-EE57DE0DF404,04-10-13 22:00
14304,IN,0,NA,Devin,J,Ward,NA,2,NA,CA18819D-7C5B-490C-B7C1-08E9E898FC2E,24-07-13 22:00
7590,IN,0,NA,Melanie,L,Bryant,NA,1,NA,55AE24BB-9857-4AD4-806D-902704D19403,11-04-14 22:00
17604,IN,0,NA,James,NA,Davis,NA,0,NA,7DCED587-A927-497E-93F2-C24581E405CE,17-07-13 22:00
18913,IN,0,NA,Whitney,NA,Lopez,NA,0,NA,8040099E-F4CC-482D-BB76-31A58EADD45F,28-08-13 22:00
5983,IN,0,NA,Daisy,M,Romero,NA,0,NA,073D1DB4-086C-473A-A849-455D80F96A19,14-01-12 23:00
17613,IN,0,NA,Stacey,E,Zhu,NA,0,NA,1940980E-3BD4-4F71-B19A-4D1E199F5370,24-05-14 22:00
30,EM,0,NA,Britta,L,Simon,NA,0,NA,5090C9A8-E39E-4A4D-9133-14E7CF07998B,21-01-09 23:00
11234,IN,0,NA,Ruben,NA,Perez,NA,0,NA,CBC0842A-325D-478D-A199-79583F10AEA5,29-03-14 23:00
12556,IN,0,NA,Ashley,H,Price,NA,0,NA,37E18A6E-9A33-4F83-A186-A8E9F94B2472,12-03-14 23:00
6052,IN,0,NA,Hunter,NA,Washington,NA,0,NA,6D5CBC4F-FF87-4E41-821C-30851398F896,01-10-13 22:00
14577,IN,0,NA,Micheal,NA,Navarro,NA,0,NA,D2B4A652-4CBE-44B8-947E-EC68F5FDE64D,18-03-14 23:00
19288,IN,0,NA,Erik,A,Vazquez,NA,2,NA,3E07EF67-AE0C-41FF-A076-86F5BBF01556,30-05-14 22:00
17947,IN,0,NA,Vincent,A,Lin,NA,1,NA,CC7DB91A-90DD-4FE6-A564-974D14521B69,02-05-14 22:00
16170,IN,0,NA,Caleb,NA,Campbell,NA,1,NA,1C04D088-1D79-457E-B23F-6461A265E00D,26-12-13 23:00
2678,IN,0,NA,Tiffany,NA,Guo,NA,0,NA,7D4897BE-7650-49CB-9BDA-9F8858B1E14A,29-03-12 22:00
16613,IN,0,NA,Sean,NA,Lopez,NA,2,NA,3E44F205-DF44-4476-A610-B73AA10597CD,10-01-14 23:00
5779,IN,0,NA,Kyle,NA,Kumar,NA,0,NA,C7D9D83E-EC97-48BE-92C6-5AF48064AC93,19-05-14 22:00
19779,IN,0,NA,Alicia,NA,Luo,NA,0,NA,83B95D9F-66B3-4A79-8BF4-4D3009DDE226,13-07-13 22:00
6449,IN,0,NA,Ernest,NA,Wang,NA,1,NA,18C8F5C6-7EA2-4DFA-BD08-0BEBCF8AD959,03-04-14 22:00
6701,IN,0,NA,Eddie,T,Ramos,NA,1,NA,9521223A-A07F-45F0-B3FA-0458CA6F9E7D,08-12-13 23:00
10686,IN,0,NA,Kristi,P,Sai,NA,0,NA,FDAA766F-1071-4A82-86CF-3CAE6D60DD7E,12-01-13 23:00
9896,IN,0,NA,Rebekah,H,Alonso,NA,1,NA,0CF01A9E-CDA5-4B28-A020-A464CC88BBC8,18-11-13 23:00
2076,VC,0,Mr.,Greg,NA,Yvkoff,NA,0,NA,E09409D8-FA97-4997-BAF5-D3CC82F969E5,02-02-12 23:00
18866,IN,0,NA,Brandy,L,Martinez,NA,1,NA,FCB09D17-438E-4A02-BE94-51E64C482804,04-09-13 22:00
13626,IN,0,NA,Blake,G,Hayes,NA,0,NA,FD176AB8-42E2-48E6-B9E5-DC5A981C566C,28-03-14 23:00
10338,IN,0,NA,Jay,A,Dominguez,NA,1,NA,D87ABEAA-CBBE-4A47-BFFB-7C336173B423,25-06-13 22:00
18718,IN,0,NA,Erika,NA,Serrano,NA,2,NA,AEA6AA9E-C85A-4ABD-95FF-DC62CA1A520F,15-11-12 23:00
91,EM,0,NA,Kimberly,B,Zimmerman,NA,0,NA,67647D8C-C685-4704-81B7-AE1087CC2C6D,04-01-10 23:00
5207,IN,0,NA,Leonard,E,Shan,NA,0,NA,C991CA2A-DE50-4EBE-AD00-4EF6833B5DA2,20-01-14 23:00
7500,IN,0,NA,Dominique,NA,Fernandez,NA,0,NA,21344594-E1FC-44B7-A81F-1BA8A5C91D17,11-03-13 23:00
11873,IN,0,NA,Tamara,NA,Guo,NA,0,NA,B0067453-E4DE-45F9-8A1E-1E9A888D5FDF,04-11-13 23:00
19245,IN,0,NA,Victor,NA,Gill,NA,0,NA,7D9E1503-2213-48A9-9859-E46869DEA742,16-07-13 22:00
15146,IN,0,NA,Timothy,L,Bailey,NA,1,NA,B840ED16-944F-495E-8C76-5BAFC5380CB4,05-04-14 22:00
15392,IN,0,NA,Brenda,NA,Perez,NA,0,NA,D3214EE7-3D50-4047-8416-7DA4120BB195,03-02-12 23:00
1693,VC,0,Mr.,Thomas,M.,Richards,Jr.,0,NA,9DFD05F3-6BFB-45C1-942F-1D3EC141D39F,23-12-11 23:00
18736,IN,0,NA,Natasha,NA,Ruiz,NA,0,NA,A77E3013-F38A-4D92-8A2A-FAFEEC527381,31-08-12 22:00
7711,IN,0,NA,Arianna,C,Washington,NA,0,NA,B1D136AC-484C-430E-9404-5C67B7CBF378,10-12-13 23:00
16182,IN,0,NA,Tina,S,Chandra,NA,0,NA,B25F8ED3-0D93-41F8-A66F-3640E7125B84,17-12-12 23:00
12752,IN,0,NA,Omar,M,Jai,NA,1,NA,181FC77F-7713-4D1D-978B-286C664C9C4A,31-08-13 22:00
13394,IN,0,NA,Willie,W,Sharma,NA,0,NA,67EF0626-25AC-474F-9DC1-B3A7A8C60314,28-01-14 23:00
3141,IN,0,NA,Stephanie,NA,Russell,NA,1,NA,388DB036-596F-4B3C-8A41-0B327C3B528B,12-07-13 22:00
3401,IN,0,NA,Mayra,P,Raman,NA,2,NA,6ACBF505-BE30-4360-B560-7E9CA7EF6ADB,21-05-12 22:00
675,SC,0,Mr.,Neil,NA,Charney,NA,2,NA,9A5AFDCA-413A-45E3-B8CD-5C3DB6BE90C6,30-07-13 22:00
10198,IN,0,NA,Kaitlyn,J,Green,NA,0,NA,1F5D76C8-6C3D-48F6-A44F-8C8DB929424A,07-04-14 22:00
8979,IN,0,NA,Paige,A,Sanchez,NA,0,NA,12A282B6-D979-4E7F-9373-7ABEE87AA9BE,24-11-13 23:00
4929,IN,0,NA,Devin,L,Jackson,NA,1,NA,D86601FA-A820-4ABF-9458-D3A4A3AEE160,15-03-14 23:00
17034,IN,0,NA,Kevin,NA,Hernandez,NA,0,NA,0BAEFB09-E5FB-4D85-8A03-FEAFA1C9F839,25-05-14 22:00
15805,IN,0,NA,Troy,C,Prasad,NA,2,NA,CE9BCAD9-C49E-4701-B871-E64426513BFF,01-12-13 23:00
9341,IN,0,NA,Gabrielle,NA,Edwards,NA,0,NA,A2516244-A2EA-4CC1-9FF1-2252AC6FADF8,06-09-11 22:00
17527,IN,0,NA,Mason,NA,Hall,NA,0,NA,9F7FCA35-626D-4A60-94A4-1FBD72FE7B6E,22-12-13 23:00
18359,IN,0,NA,John,I,Thompson,NA,1,NA,1570AB03-D7BF-43E8-B5C7-78F6EC3D3E96,14-03-14 23:00
9547,IN,0,NA,Darrell,A,Deng,NA,0,NA,10FBAA3D-A8DA-4CA7-BD54-AA502D8130DC,16-04-14 22:00
12930,IN,0,NA,Aidan,NA,Russell,NA,0,NA,91E5A6EB-BDE0-4FDD-B493-E0773D3E3082,09-10-13 22:00
12478,IN,0,NA,Alejandro,NA,Huang,NA,1,NA,0C3A150F-1636-4108-8C1E-D3C9578824E0,21-12-11 23:00
20519,IN,0,NA,Jennifer,M,Patterson,NA,1,NA,F6487BF4-D6FC-47E4-BF0F-C871C48C2F49,12-03-13 23:00
7748,IN,0,NA,Jacqueline,NA,Flores,NA,0,NA,C2E18B0B-E2E8-4B49-9380-3028B67D2864,23-03-14 23:00
8178,IN,0,NA,Allison,A,Peterson,NA,1,NA,55F38D9B-99B5-476D-B066-221859B72804,24-03-14 23:00
10784,IN,0,NA,Sydney,NA,Clark,NA,2,NA,AAC58331-2C14-495F-A81D-207B735F19CD,11-08-13 22:00
2634,IN,0,NA,Heather,M,Wu,NA,0,NA,576246FF-9310-46EF-9BCA-D5C3CCDCF812,10-02-14 23:00
9623,IN,0,NA,Ebony,NA,Chandra,NA,0,NA,17304B30-5298-4E36-8F47-D75042247AA0,29-09-11 22:00
11325,IN,0,NA,Christy,A,Zimmerman,NA,1,NA,EC7AD59A-1161-449A-AE77-2712CDCF0B99,24-09-13 22:00
4022,IN,0,NA,Jeremiah,NA,King,NA,1,NA,4CAC0F18-3035-4EB7-9FC5-218DE0B22C42,20-04-14 22:00
1587,VC,0,Mr.,Rajesh,M.,Patel,NA,1,NA,B6BA7CFB-F57D-4E74-9939-AF8AC420AABA,01-02-12 23:00
17578,IN,0,NA,James,NA,Smith,NA,1,NA,B5E6874C-6D83-42F9-A78E-C9B4E30968CA,03-03-14 23:00
18893,IN,0,NA,Whitney,NA,Madan,NA,1,NA,15A8C11B-FA55-4DC4-BCDB-8349A17D97C9,01-12-13 23:00
443,SC,0,Mr.,Mason,NA,Bendixen,NA,0,NA,9D353282-B8FD-4F15-AD44-3FF3D5D3ACDA,30-07-13 22:00
3253,IN,0,NA,Kaitlin,NA,Perez,NA,2,NA,2E6875AE-90D0-4326-9C42-F16154F90F4A,11-05-14 22:00
18181,IN,0,NA,Randy,A,Zeng,NA,1,NA,C6436487-22C9-4B59-9577-C9933A6FF30E,10-09-11 22:00
8550,IN,0,NA,Riley,S,Cox,NA,0,NA,BB757229-1D8C-4122-BCBC-E31C7C98C0B8,13-08-13 22:00
10145,IN,0,NA,Michele,A,Malhotra,NA,0,NA,F0BBC66D-2256-4DE3-940A-FEAC401330D2,17-08-13 22:00
17446,IN,0,NA,Cameron,E,Thomas,NA,0,NA,012F211F-DDD4-470A-8DBA-7F267F1E37E7,17-01-14 23:00
17229,IN,0,NA,Noah,M,Lopez,NA,0,NA,6940D8F4-87F7-4D43-A872-F3091D1EA881,29-10-13 23:00
16071,IN,0,NA,Samuel,NA,Phillips,NA,0,NA,A1675EAC-DF9A-4BA7-90BB-44A27948EAB5,06-12-13 23:00
11777,IN,0,NA,Olivia,NA,Martinez,NA,2,NA,44BE3C37-1151-414B-894F-A582D8E066BE,01-09-13 22:00
8902,IN,0,NA,Cassie,NA,Raje,NA,1,NA,5645633E-661B-438A-9EC4-5EFD8139F232,25-06-14 22:00
4109,IN,0,NA,Miguel,L,Hernandez,NA,0,NA,CB085670-60C8-401D-9B5F-6A56269CF4D6,03-05-14 22:00
7658,IN,0,NA,Angela,R,Powell,NA,1,NA,9825598F-E023-4634-9713-4B0F3CC048F2,29-09-13 22:00
8331,IN,0,NA,Carmen,V,Madan,NA,1,NA,E60B00FB-F594-45C2-8E34-48121C9DA55F,21-12-13 23:00
4112,IN,0,NA,Miguel,NA,King,NA,2,NA,44BFF88D-41E7-45CC-B0B6-EDD03220CBB4,08-05-13 22:00
6862,IN,0,NA,Neil,K,Vazquez,NA,1,NA,86FA4F01-D3A2-44C6-B96C-FEA4240B57B5,06-07-13 22:00
6390,IN,0,NA,James,NA,Kumar,NA,1,NA,56B87E53-A79D-4A21-A543-8DD936D40C9E,09-12-13 23:00
10839,IN,0,NA,Bruce,D,Martin,NA,0,NA,37855D04-199D-471D-A3DA-C9C075CDF105,16-11-13 23:00
4811,IN,0,NA,Lucas,NA,Hall,NA,0,NA,3B951BE7-7FC7-47DE-B343-D47D913BD3F2,08-05-14 22:00
6694,IN,0,NA,David,NA,Jai,NA,0,NA,FDEB9225-2F28-4121-943F-C01286350CA1,22-11-13 23:00
12916,IN,0,NA,Aidan,NA,Flores,NA,1,NA,78AA25CE-37D6-44B5-8465-03299EAE6AF9,06-07-13 22:00
8067,IN,0,NA,Arianna,E,Sanders,NA,2,NA,7A0CFFFB-CB24-476B-B1A5-F1145F6B2566,14-12-13 23:00
19268,IN,0,NA,Erik,C,Hernandez,NA,0,NA,2D6E421B-18D2-43D3-B02E-D4E82091A4E6,13-12-13 23:00
8014,IN,0,NA,Melissa,NA,Kelly,NA,1,NA,ECD5C3EF-646F-4661-980A-CEACEB2B7782,12-11-13 23:00
3081,IN,0,NA,Stephanie,NA,Cooper,NA,2,NA,0A1D1D74-3015-42BB-8528-F28084F13F80,02-06-12 22:00
8601,IN,0,NA,Bridget,NA,Goel,NA,0,NA,61460468-B574-47F6-A9D2-C54EDD1DEE34,02-07-12 22:00
6050,IN,0,NA,Audrey,NA,Sanz,NA,0,NA,A1A29CE9-22C6-4351-AC54-316DFE7297BA,11-11-13 23:00
3784,IN,0,NA,Barry,R,Lopez,NA,0,NA,139FCE92-0A57-4C2D-A1ED-FB952D3C2D93,08-06-12 22:00
10012,IN,0,NA,Jenna,NA,Mitchell,NA,1,NA,5C972F27-54E1-4BA1-B9C7-635C40F7FD15,04-06-12 22:00
4412,IN,0,NA,Xavier,NA,Hall,NA,1,NA,6822BABE-2EA9-44D0-9A34-C5AD5F29070B,03-08-13 22:00
10732,IN,0,NA,Alexandra,A,Robinson,NA,1,NA,F8244AE8-8C93-495B-B71F-6414D441562F,01-03-14 23:00
20342,IN,0,NA,Chad,L,Pal,NA,0,NA,4DABAD19-0C08-4076-9523-B26C2BCF3B0C,05-08-12 22:00
14681,IN,0,NA,Jamie,NA,Sanz,NA,1,NA,BCDEC1B5-F548-4240-860C-A035DF4DB963,24-11-12 23:00
4188,IN,0,NA,Blake,R,Lopez,NA,1,NA,4C619E10-4FD8-4E46-84DB-8F84962A2B4C,24-10-13 22:00
13883,IN,0,NA,Desiree,D,Rubio,NA,0,NA,0D57F233-159D-4230-8D45-ECC34A2AC01A,26-06-12 22:00
5334,IN,0,NA,Dale,K,Chande,NA,0,NA,506671A9-58DF-450A-B6FD-C428879AA6BE,02-08-11 22:00
20739,IN,0,NA,Crystal,C,Wang,NA,1,NA,9830A588-CA4F-44D6-96BA-5FE8DEF9136B,24-10-11 22:00
7831,IN,0,NA,Faith,NA,Foster,NA,1,NA,2CE259BF-31CB-48A5-BA21-C606BFF3320F,18-06-14 22:00
11854,IN,0,NA,Gerald,V,Raman,NA,2,NA,34702767-B8F4-453D-96BE-7F907D5CCA47,18-03-14 23:00
8325,IN,0,NA,Carmen,NA,Malhotra,NA,0,NA,71522AC8-3424-4FF6-BACA-1FC4D9A19A19,25-01-14 23:00
15023,IN,0,NA,Renee,K,Ramos,NA,2,NA,CAF6D870-6D50-4D3E-8894-6AD81C610968,21-05-13 22:00
5245,IN,0,NA,Adam,G,Washington,NA,1,NA,F5B9B282-F5CB-45C6-A3D8-20A62E5693A1,25-05-14 22:00
351,SC,0,Ms.,Selena,R.,Alvarado,NA,0,NA,AF662FC4-6DD0-46F8-A547-98C572D46DDF,29-06-12 22:00
16451,IN,0,NA,Alex,M,Carter,NA,2,NA,3EBA892B-EEFD-4477-8D35-68AC42D909EF,05-04-12 22:00
2057,VC,0,Ms.,Dorothy,M.,Wollesen,NA,1,NA,3634DD7D-1D9B-4332-A736-96FE49DA5523,22-12-11 23:00
11561,IN,0,NA,Alyssa,NA,Lee,NA,2,NA,243A1E4D-CB9C-43E1-97CE-0AD84771EC1B,13-04-14 22:00
19844,IN,0,NA,Jasmine,J,Barnes,NA,0,NA,415D0278-D53A-4144-B041-9E047964E143,08-06-13 22:00
12385,IN,0,NA,Samantha,NA,Martin,NA,2,NA,6E6E2FF6-F6B8-4B9C-B131-9CC379A57201,08-05-13 22:00
13751,IN,0,NA,Eduardo,NA,Foster,NA,0,NA,0DF0A56D-FFB0-4F4D-8857-A5DFCDD9C3CC,03-10-13 22:00
13370,IN,0,NA,Oscar,V,Ross,NA,0,NA,576CFD61-EA5A-4308-92B8-705CEBCD22E8,19-12-13 23:00
5105,IN,0,NA,Luke,NA,Washington,NA,1,NA,ECCA9976-DBC7-416B-BB51-C18CEEF9BE66,11-01-14 23:00
12265,IN,0,NA,Colleen,NA,Wu,NA,0,NA,9F6081C5-8152-4276-9524-F43781C16E88,09-08-13 22:00
17166,IN,0,NA,Jack,R,Wright,NA,0,NA,DD1D5D71-B30C-4AF7-90F0-D56B51708927,01-09-13 22:00
13352,IN,0,NA,Willie,NA,Lu,NA,0,NA,BF982D60-4B9F-4762-91D4-8995507E663B,03-06-12 22:00
10172,IN,0,NA,Darren,NA,Arun,NA,0,NA,734CFFB3-87F4-4383-A287-5DAFCFD82DA3,22-06-14 22:00
4347,IN,0,NA,Seth,NA,Scott,NA,0,NA,10CCA611-6D04-4F6C-A2FE-1EBAAD3629AA,13-02-14 23:00
18884,IN,0,NA,Whitney,NA,Kov<e1>r,NA,0,NA,D342A29C-46A7-4DFB-AB33-B1F6A429853E,09-11-12 23:00
3798,IN,0,NA,Wyatt,NA,Lopez,NA,2,NA,0AF7605B-A317-450A-BC42-1196E5ED82A2,11-01-14 23:00
17036,IN,0,NA,Johnny,NA,Deng,NA,0,NA,93896CCB-A14F-4CE3-A173-B8836BB71D88,23-09-13 22:00
9101,IN,0,NA,Wayne,S,Tang,NA,1,NA,ACEC5A45-1FFA-4029-8E9C-5BEE5BB46B44,21-11-12 23:00
18068,IN,0,NA,Jeffery,NA,He,NA,0,NA,D99F815C-847B-48F7-ADAB-653C12151CD6,28-08-13 22:00
20474,IN,0,NA,Corey,NA,Nara,NA,0,NA,22031986-E024-4BA0-A1D4-D3FE6FC7A33F,04-02-14 23:00
13102,IN,0,NA,Louis,M,Raje,NA,0,NA,0F6DF6AD-7DF1-4489-88BD-E17400F8EFE8,17-11-11 23:00
17086,IN,0,NA,Shaun,NA,Luo,NA,1,NA,C87F4748-871A-457A-93D7-C63620497E3E,01-11-13 23:00
12046,IN,0,NA,Abigail,L,Anderson,NA,2,NA,2A4A2A71-BB90-4024-B60C-03A8E220E5E7,03-02-14 23:00
3190,IN,0,NA,Hailey,C,Jenkins,NA,0,NA,A3B7F32C-3133-4F5C-B74B-EBE558F9957A,21-02-14 23:00
5882,IN,0,NA,Gabriel,NA,Lal,NA,2,NA,EA7B275E-E3DF-4BB3-A2F0-4A9C8609F778,09-05-13 22:00
11343,IN,0,NA,Rachel,T,Davis,NA,0,NA,99359E80-9A95-4A7D-AFD7-FEA87FA3191E,24-07-13 22:00
18147,IN,0,NA,Randy,E,Yang,NA,1,NA,46E9E3AE-ED25-4377-9527-982F474D7D75,10-02-13 23:00
2320,GC,0,NA,Tai,NA,Yee,NA,0,NA,C2818EDB-DB2D-47A6-AA70-0A1AAFA3205E,23-11-08 23:00
10168,IN,0,NA,Jordan,NA,Scott,NA,1,NA,6687FFA7-AB3F-4B1E-B3CB-30A062AB38F5,19-12-13 23:00
3357,IN,0,NA,Gabrielle,NA,Gonzales,NA,1,NA,187A17A4-EB82-43B8-AC0E-F64EF23C75AB,08-04-13 22:00
8814,IN,0,NA,Jade,NA,Murphy,NA,0,NA,E7F437C2-9D1D-4554-A377-347444990E48,08-11-12 23:00
18575,IN,0,NA,Tyler,L,Wilson,NA,0,NA,7DC9EDC8-16D0-40A8-845A-4EFD60640F58,05-09-13 22:00
2013,SC,0,Mr.,Qiang,NA,Wang,NA,0,NA,72861FBB-66E8-489F-BE6D-6B365C388250,29-06-12 22:00
19387,IN,0,NA,Shane,S,Mehta,NA,0,NA,41EAD550-40A7-41A3-A02F-5CBB187B212D,02-10-13 22:00
16450,IN,0,NA,Misty,L,Xie,NA,2,NA,6AF8878B-F3C5-4C9C-A8B0-D376C75B5698,22-03-13 23:00
14911,IN,0,NA,Albert,L,Navarro,NA,1,NA,E8A80235-0A7E-45C0-BB4F-0D36A811A9BB,30-06-12 22:00
17902,IN,0,NA,Greg,M,Taylor,NA,2,NA,549A093A-26DC-42B9-AE99-08A9A5FD15EC,05-03-12 23:00
16736,IN,0,NA,Jordan,L,Scott,NA,1,NA,A5E1AE99-FE07-47B1-8C34-A64C6919CFC6,22-01-13 23:00
3725,IN,0,NA,Bonnie,NA,Goel,NA,2,NA,4491E39D-F743-4716-9C23-800E1E9937D2,30-08-13 22:00
3186,IN,0,NA,Hailey,C,Henderson,NA,0,NA,43591141-91CA-4A58-8D2F-28F1D23A0C32,25-01-14 23:00
20357,IN,0,NA,Julia,A,Cox,NA,1,NA,454842F5-D62C-4130-9836-D428A485CFBF,19-11-12 23:00
18923,IN,0,NA,Whitney,C,Sanchez,NA,2,NA,AACE0D60-C80E-4071-B3AB-6648B0E59CCA,15-11-13 23:00
12947,IN,0,NA,Jaclyn,NA,He,NA,0,NA,8F756F6D-4C97-46D8-8C67-72E1E1E4BE33,22-10-13 22:00
20691,IN,0,NA,Morgan,J,Peterson,NA,0,NA,B24160C0-A065-4BD0-BA7E-3AFE1BD7D8BF,25-10-13 22:00
10407,IN,0,NA,Janet,NA,Young,NA,0,NA,F25C2B46-85FF-4176-8824-07DE90D965B8,12-11-13 23:00
1764,IN,0,Ms.,Lanna,A.,Slaven,NA,0,NA,C172229A-34B0-466B-AF1E-45563B9B5CCD,14-05-14 22:00
15862,IN,0,NA,Hunter,E,Perez,NA,1,NA,284406C8-C6C9-49F4-892D-D96D9953F082,22-11-13 23:00
7263,IN,0,NA,Ann,M,Mehta,NA,0,NA,89327712-7F45-4988-8FE5-3DCC9E978F7D,19-07-13 22:00
16976,IN,0,NA,Carl,S,Goel,NA,1,NA,38DD9C4A-AF3B-404B-96DE-A7CD073C91F6,13-08-11 22:00
8976,IN,0,NA,Michele,NA,Garcia,NA,0,NA,6109C888-88BB-46E4-AFEC-8F724689DA09,03-06-14 22:00
15757,IN,0,NA,Elijah,L,Collins,NA,1,NA,5CD91747-B449-4A24-A268-87526C4D3DB9,30-04-14 22:00
11329,IN,0,NA,Christy,M,Chow,NA,0,NA,709F7B17-3B95-495A-AE91-CCF566884AEB,27-07-12 22:00
14689,IN,0,NA,Carlos,NA,Richardson,NA,0,NA,A1B846AB-24AB-4C43-88E1-1DFF80FEAD39,23-03-14 23:00
8242,IN,0,NA,Dominic,B,Rana,NA,0,NA,827596EA-122D-479D-9603-02A23C349608,17-04-14 22:00
11622,IN,0,NA,Barbara,J,Rai,NA,2,NA,0E42CC6B-3B40-4420-A554-5A2EB7E6AAA4,17-02-14 23:00
13123,IN,0,NA,Edwin,NA,Chen,NA,0,NA,87346D15-D06E-455C-B203-B7F257F0694C,11-09-12 22:00
19147,IN,0,NA,Megan,NA,Powell,NA,0,NA,699725E5-82E6-48A6-8AB8-94C34C150A85,28-06-12 22:00
16564,IN,0,NA,Kara,NA,Pal,NA,0,NA,B706200C-1EE3-4373-BDD4-13231AA39695,18-11-12 23:00
9285,IN,0,NA,Gabrielle,J,Evans,NA,2,NA,BAF79DB0-0D6F-4882-A16D-131A3FF65B95,05-11-12 23:00
5537,IN,0,NA,Jessie,NA,Liang,NA,0,NA,7DA10F0A-2ED1-4483-8DBE-B2AD283D68F6,16-01-14 23:00
17969,IN,0,NA,Christian,NA,Williams,NA,1,NA,6515C922-F7BB-4464-9804-35433F106DD5,09-11-13 23:00
8747,IN,0,NA,Cristina,R,Nara,NA,0,NA,1788DB2F-3910-4642-ADC4-ED7D29E510A1,20-02-12 23:00
16505,IN,0,NA,Kelsey,D,Yuan,NA,1,NA,E53C1470-E042-4672-BF8A-49B5699775F7,06-11-13 23:00
8799,IN,0,NA,Priscilla,NA,Nara,NA,0,NA,874D8902-6D5C-4051-97BC-E2E88D480046,20-12-11 23:00
8837,IN,0,NA,Katelyn,C,Bailey,NA,0,NA,602DBDB5-275B-4CAA-8F51-3785F1EB8F73,23-10-11 22:00
13947,IN,0,NA,Wendy,A,Torres,NA,0,NA,9BB62F41-11E7-4555-BF49-D095DC0CE663,19-10-11 22:00
641,SC,0,Ms.,Donna,F.,Carreras,NA,1,NA,2820F4B0-135D-4387-A507-1F70A3505FB1,31-07-11 22:00
15886,IN,0,NA,Johnathan,NA,Patel,NA,2,NA,A4CCA5C1-1B10-4847-AD75-92BD543AB4EA,27-04-13 22:00
20081,IN,0,NA,Shannon,R,Navarro,NA,0,NA,D0EE3697-2661-4D0B-8EDC-7A0E53086AFE,24-02-12 23:00
17774,IN,0,NA,Susan,NA,Liang,NA,0,NA,F7983081-17B5-436D-A345-814AF562B1F3,29-07-12 22:00
9403,IN,0,NA,Gabrielle,NA,Collins,NA,2,NA,14A6796F-7705-41B9-B128-C4D9EDA92DF5,17-02-14 23:00
5081,IN,0,NA,Richard,W,Jones,NA,0,NA,801716A4-2E84-48E2-92B5-6F938346D70F,28-10-13 23:00
2497,IN,0,NA,Kristen,NA,Zhang,NA,0,NA,F7BA89BE-2117-4867-AA38-EDE002B05FC9,12-05-13 22:00
6953,IN,0,NA,Armando,NA,Navarro,NA,0,NA,C18B0E76-F6C7-4BE4-9C91-D210147C46D1,26-06-11 22:00
20135,IN,0,NA,Alyssa,F,Cox,NA,2,NA,0EF7594C-61A4-44AC-9268-B05DFB445621,07-06-13 22:00
10007,IN,0,NA,Amber,E,Mitchell,NA,0,NA,11823D30-1E85-4005-BACD-B2411143A674,08-12-13 23:00
17186,IN,0,NA,Angel,NA,Wright,NA,0,NA,DB27376A-78BF-454C-BBB3-34A090E286FD,03-04-14 22:00
2176,GC,0,NA,Phil,NA,Spencer,NA,0,NA,FB93E35F-9EDD-4578-9ADB-18B8B932970A,10-12-09 23:00
10710,IN,0,NA,Kristi,NA,Lopez,NA,2,NA,745E5035-9BD5-4882-86D5-9BB3D7F96604,14-03-14 23:00
20247,IN,0,NA,Derek,R,Shan,NA,1,NA,F6BAB930-51D6-4F1F-80C2-F9EE0A9219A6,05-02-12 23:00
6603,IN,0,NA,Alberto,A,Diaz,NA,1,NA,AC769A5E-C34B-450F-A17B-D1A8685FA836,24-07-13 22:00
12311,IN,0,NA,Hannah,NA,Hall,NA,0,NA,991CEAFD-A05D-43BA-BF38-0DDF9662AF84,27-11-13 23:00
6719,IN,0,NA,Theodore,NA,Ruiz,NA,1,NA,BC969289-D1AD-45E8-946E-C62D06817E5C,12-08-11 22:00
17408,IN,0,NA,Jose,NA,Clark,NA,2,NA,2A52BFB9-12CF-4087-98A2-E671CEA97F39,12-12-12 23:00
14993,IN,0,NA,Renee,L,Martin,NA,2,NA,4AD3BB1A-CA9B-4602-BEC0-C209AB5FBCB9,24-09-11 22:00
16742,IN,0,NA,Jose,M,Scott,NA,0,NA,5BE06F20-6260-4825-9B01-1A6088004483,04-10-13 22:00
15631,IN,0,NA,Jimmy,NA,Hernandez,NA,0,NA,BFAD7079-9821-4E90-B694-5F984A29AA24,12-07-13 22:00
3476,IN,0,NA,Jessica,M,Rivera,NA,1,NA,FC171D68-8932-416B-B4F8-43E69D6421E2,07-05-13 22:00
9395,IN,0,NA,Katherine,NA,Collins,NA,1,NA,65578F38-808A-4A3E-93D4-F79F57F9C914,15-09-13 22:00
11910,IN,0,NA,Elizabeth,NA,Miller,NA,0,NA,C18D8507-24D7-482A-8F41-1F214AF1103C,30-09-13 22:00
20603,IN,0,NA,Dwayne,NA,Serrano,NA,2,NA,FA86C4C6-1824-475B-9F60-FB416F0CEB74,02-02-14 23:00
18378,IN,0,NA,J<e9>sus,K,Munoz,NA,0,NA,CF0DDB23-1AF8-4D58-B5E3-9E7FEC4A4D13,23-09-11 22:00
2220,GC,0,NA,Marie,NA,Reinhart,NA,0,NA,6D86E810-8E2F-44EA-9225-25695B0FB338,30-12-08 23:00
4366,IN,0,NA,Seth,R,Parker,NA,0,NA,7BEB27CA-6741-4350-8FF8-1BF4BC8D0F67,05-07-13 22:00
19728,IN,0,NA,Rachel,NA,James,NA,0,NA,41FE711E-6E6C-446D-82AB-6BF1259DEDE2,03-12-13 23:00
3840,IN,0,NA,Fernando,NA,Davis,NA,0,NA,610F0112-6C8C-43B5-8AF1-BE6E059226B5,13-06-14 22:00
2067,VC,0,Ms.,Tai,NA,Yee,NA,0,NA,5FA8F7CA-1546-414D-9910-2AC51C86D0B1,16-01-12 23:00
6723,IN,0,NA,Theodore,R,Hernandez,NA,0,NA,7908B5F2-F852-4A0E-AD6D-8CFDC863A8D2,07-04-14 22:00
19935,IN,0,NA,Kathryn,NA,Ashe,NA,0,NA,E0F06C5B-A2EC-4D45-B97B-59D0A7149DAE,23-07-13 22:00
6784,IN,0,NA,Caroline,NA,Long,NA,1,NA,7503E742-78FD-4B16-A6A8-12686A8E69CF,03-12-11 23:00
379,SC,0,Mr.,Robert,A.,Avalos,NA,0,NA,7B6F52CA-0379-417E-A66D-853183B39D76,30-07-13 22:00
15233,IN,0,NA,Isaiah,NA,Sanchez,NA,0,NA,41E69A12-8B38-4E9D-86CA-4D3A463424F2,30-05-12 22:00
8237,IN,0,NA,Dominic,M,Srini,NA,2,NA,EE0E2F82-A8AA-4D55-8441-2D649F84F787,23-01-12 23:00
16280,IN,0,NA,Casey,NA,Xie,NA,0,NA,F9EDA4D2-4C66-4DCE-8179-9B2711B539C7,19-07-12 22:00
11758,IN,0,NA,Ross,C,Madan,NA,0,NA,8D6F9B70-14F7-48F3-925D-EBB473BA8985,22-08-13 22:00
2506,IN,0,NA,Kristen,R,Zhou,NA,1,NA,9811241E-112A-4566-9FE9-EA9BA121A360,07-09-13 22:00
12984,IN,0,NA,Emily,A,Bennett,NA,1,NA,56163794-D2A6-4843-98EF-5A0FE52D5EF9,25-02-14 23:00
6679,IN,0,NA,David,NA,Diaz,NA,2,NA,3E7CEBC6-AAE7-4730-9B3D-E5660004D748,16-02-12 23:00
10658,IN,0,NA,Sara,A,Lopez,NA,0,NA,00B65692-FE4C-4F67-989B-9CF3A257BD1D,06-04-14 22:00
18987,IN,0,NA,Nicholas,S,Wilson,NA,1,NA,9CF63123-6C07-4717-8694-4D5E7D2B90F6,12-10-13 22:00
12326,IN,0,NA,Madison,A,Taylor,NA,0,NA,E70BFE59-4A88-435E-82D0-A3FB100A490F,27-07-13 22:00
18340,IN,0,NA,Nicholas,G,Lewis,NA,2,NA,349CC42C-5AB6-4409-9E4B-0BECF10472E2,06-07-13 22:00
16741,IN,0,NA,Martin,M,Madan,NA,2,NA,CE59FB61-B1BB-4D28-A988-EE81F7AD2D49,30-12-13 23:00
14912,IN,0,NA,Nathaniel,NA,Ward,NA,0,NA,ABAACE6B-4693-4518-A974-8E0B95055A9A,10-12-13 23:00
7319,IN,0,NA,Mya,C,Simmons,NA,2,NA,0AA52C99-9CBD-446A-96FE-7B8E258D0652,05-11-13 23:00
12442,IN,0,NA,Ashley,H,Robinson,NA,0,NA,8F189126-8E19-44BE-8E9C-B5A9B3EE2C5A,21-09-13 22:00
11227,IN,0,NA,Isabella,M,Thomas,NA,2,NA,8466F956-AAFE-4587-A77F-2F8D37ABEDF9,02-11-12 23:00
13099,IN,0,NA,Louis,M,Pal,NA,0,NA,5B588296-9D47-4455-9708-C21E318C283B,01-11-13 23:00
18159,IN,0,NA,Benjamin,M,Johnson,NA,0,NA,FD548C70-6EC2-450D-9BC2-920AC5EBF505,28-03-14 23:00
19065,IN,0,NA,Craig,NA,Romero,NA,1,NA,A8BDD2DE-9F5A-45A4-8C38-882DA1CD4315,08-07-13 22:00
9587,IN,0,NA,Kristi,NA,Munoz,NA,0,NA,B770F3EB-882D-478C-8895-8791EFACFC95,29-06-13 22:00
20422,IN,0,NA,Peter,NA,Jai,NA,1,NA,EC66B657-878B-40C4-B96C-A8E6ECE10310,07-09-11 22:00
16382,IN,0,NA,Latoya,S,Lal,NA,0,NA,6724DD1F-A38B-441E-A626-3EE27A4A663D,20-06-14 22:00
8307,IN,0,NA,Geoffrey,NA,Rodriguez,NA,2,NA,1E639138-EA56-4F9B-B758-328D752859A0,06-05-12 22:00
14323,IN,0,NA,Isaiah,E,Torres,NA,0,NA,F9B94E30-A1B2-4703-8CB1-5B8E41D0DEB7,06-07-13 22:00
19382,IN,0,NA,Nelson,NA,Serrano,NA,0,NA,CB35DFB5-2166-49EA-ABC1-177F9E7E4EDF,25-04-14 22:00
15811,IN,0,NA,Troy,NA,Raman,NA,0,NA,29B68D28-3F56-4D82-A5BC-1919FC1DD80A,06-01-14 23:00
14086,IN,0,NA,Steven,NA,Watson,NA,0,NA,1112AB60-0248-41E2-BC73-09C91C64A7BE,03-04-13 22:00
12624,IN,0,NA,Clayton,NA,She,NA,0,NA,13B0E76A-BBF6-4A9A-9D65-15C7F84279E8,28-09-13 22:00
4630,IN,0,NA,Marcus,NA,Garcia,NA,0,NA,5BDEB449-9AED-489F-9945-08B272ED6C4A,08-03-14 23:00
8222,IN,0,NA,Faith,NA,Peterson,NA,1,NA,78EF95D6-C339-4721-9AF4-A9E8B29B12CF,14-05-14 22:00
13483,IN,0,NA,Dalton,NA,Diaz,NA,0,NA,734E8F02-8897-444D-B087-6E0C0962C8B3,23-11-13 23:00
997,SC,0,Ms.,Hattie,J.,Haemon,NA,0,NA,078AD793-260A-44EA-9E48-6E1550B262D4,31-07-11 22:00
8082,IN,0,NA,Terrance,NA,Mehta,NA,2,NA,744D0831-E279-4070-9E9E-9C184A118A2A,21-05-14 22:00
16023,IN,0,NA,Bob,J,Fernandez,NA,2,NA,94FC57DF-55FB-4796-9895-A8424ABB53F0,05-07-12 22:00
17550,IN,0,NA,Brittney,A,Lu,NA,0,NA,A3019506-64E5-461C-911D-C559E77F3856,28-10-13 23:00
5880,IN,0,NA,Claudia,E,Ma,NA,0,NA,FD7030C9-BA7B-4B76-9030-027E172261D9,08-05-13 22:00
17009,IN,0,NA,Melody,V,Gill,NA,0,NA,53BD8CC4-A617-4657-9C0E-E74819489A6D,24-02-14 23:00
18218,IN,0,NA,Alexander,M,Walker,NA,2,NA,B4CC1E8A-DC71-4D20-91BA-229D2D411357,26-10-12 22:00
7768,IN,0,NA,Jacqueline,H,Hayes,NA,1,NA,95B012B5-FDD7-46AD-80A7-F7552C53F11F,18-04-13 22:00
14052,IN,0,NA,Melinda,NA,Alvarez,NA,1,NA,B85E7E38-F64E-4054-876B-308EC74EC1A2,12-03-14 23:00
12245,IN,0,NA,Emily,M,White,NA,0,NA,61CB1CE1-B32D-437F-A224-05F41909651E,17-01-14 23:00
13816,IN,0,NA,Linda,D,Gutierrez,NA,2,NA,EAFA74FE-91B0-4CA4-AA97-EAA99F5E8AA9,07-02-14 23:00
18054,IN,0,NA,Justin,C,Miller,NA,0,NA,508A767E-B443-43E1-BEA6-B2DD49D086D5,31-07-13 22:00
11444,IN,0,NA,Jenny,NA,Huang,NA,1,NA,A5C2478F-DEAA-454D-A453-CD94799EF84E,12-11-13 23:00
12347,IN,0,NA,Warren,E,Xie,NA,0,NA,301B51CA-A1B6-440B-998B-A1109B553A6D,10-08-13 22:00
8228,IN,0,NA,Mackenzie,L,Gray,NA,2,NA,44B5916C-89B4-483B-8B85-35B1CA5603A4,18-01-14 23:00
16414,IN,0,NA,Tracy,L,Xu,NA,1,NA,B872BEF9-49E8-4C9D-899D-9D5E45E8F88B,17-09-11 22:00
6805,IN,0,NA,Tyrone,L,Dominguez,NA,2,NA,9A1E7F8D-056E-4CAA-AA3B-F2E4A707A43F,08-09-11 22:00
10847,IN,0,NA,Bruce,L,Diaz,NA,1,NA,35C30D83-0950-4087-BAFC-404D5DE7DE8A,05-03-14 23:00
13766,IN,0,NA,Monique,NA,Alonso,NA,0,NA,90F956C8-D9CA-4483-B959-BDEBF476B03F,15-11-13 23:00
14109,IN,0,NA,Lori,A,Romero,NA,0,NA,12582758-34CB-4A37-8258-EC6C63B4418B,25-01-14 23:00
11496,IN,0,NA,Destiny,M,Jackson,NA,1,NA,4CB9919A-4913-4B29-BC64-AC33A8A6433C,05-12-13 23:00
12576,IN,0,NA,Clayton,F,Li,NA,1,NA,0889E1E2-59A3-450B-B8DC-C92B346E2258,22-03-13 23:00
20154,IN,0,NA,Alyssa,J,James,NA,0,NA,A26E62FD-16F6-4A24-8EB3-39F1CC73A7C4,02-04-14 22:00
17628,IN,0,NA,James,R,Thompson,NA,1,NA,0CF8AB9A-A207-4D4B-B1AF-B3779C47FDFA,09-02-14 23:00
7333,IN,0,NA,Melissa,NA,Perry,NA,2,NA,2AC61688-8D6B-4881-819A-45C4D0F31A7A,25-10-11 22:00
20166,IN,0,NA,Phillip,NA,Rana,NA,2,NA,8E0B4911-B65E-43C9-B547-AB029DAF4383,28-07-11 22:00
11572,IN,0,NA,Barbara,T,Liang,NA,1,NA,FC774465-935F-4375-ABE2-8548245D3D8C,31-10-12 23:00
15755,IN,0,NA,Billy,F,Torres,NA,0,NA,69F6ED1D-AE69-4157-A2F2-3BB8ADD10864,27-02-13 23:00
4360,IN,0,NA,Melvin,NA,Xie,NA,1,NA,D6816D7A-AB94-43C4-8904-3513E1B3F9B6,12-03-14 23:00
3924,IN,0,NA,Bryant,NA,Rana,NA,1,NA,3859AEF1-9E98-442B-8FD8-9BDF98F33A1A,12-08-12 22:00
